id,Domain,Status,Attractiveness,Demand,Length,Registrar,Created,Expires
ee445297-0fda-4b25-8233-d62bc2b95d50,hotel.at,available,70,92,5,,,
3eee7801-fbe2-4b9f-b51c-55a434d03e6a,hotel.dev,available,70,92,5,,,
82dbd8f5-eb50-4fa4-8840-e77dbbcb5ad6,hotel.expert,available,70,92,5,,,
e46c0d8e-3a3d-4cdd-8676-03330b248382,hotel.online,available,70,92,5,,,
4a7947e7-8c2c-4c7d-bea4-86c346a518a2,hotel.site,available,70,92,5,,,
7f6e888f-b78f-4a97-b91f-20c7e725990b,hotel.so,resell,70,92,5,InterNetX GmbH,28/04/2011 00:00,28/04/2026 00:00
3f7ed012-9539-4628-bc42-a8e21dd5f8b0,hotel.space,available,70,92,5,,,
30a3784b-5d5a-4b6a-a638-21627b311612,hotel.store,available,70,92,5,,,
22f1a7bb-e0f0-4ffc-8f3c-82d38eec93f2,hotel.tech,available,70,92,5,,,
aaaabd7e-2690-422e-b5b5-9f330ddb9697,hotel.xyz,available,70,92,5,,,
5eba742f-5ae2-4d3b-9867-d4da980ff93d,bedandbreakfast.at,sold,74,80,17,abaton EDV- Dienstleistungs GmbH ( https://nic.at/registrar/231 ),,
51d74221-d33a-4a23-8501-22967db8ee9b,bedandbreakfast.cloud,expiring,74,80,17,Realtime Register B.V.,30/07/2018 18:35,30/07/2025 18:35
cb7d1af4-4702-4a14-9b0c-d8c1013ba7da,bedandbreakfast.dev,available,74,80,17,,,
a02eb24f-34c6-43f1-a3c8-164945250065,bedandbreakfast.expert,available,74,80,17,,,
26347c48-95c2-49ec-a8db-6bce18ab410f,bedandbreakfast.gg,available,74,80,17,,,
9fb706ad-0409-4ac3-afc3-308c7d6319cd,bedandbreakfast.io,resell,74,80,17,"Sav.com, LLC",05/01/2021 14:31,05/01/2026 14:31
a6f389e3-6014-479c-90f9-81c3b2d7c186,bedandbreakfast.me,resell,74,80,17,"Spaceship, Inc.",29/09/2010 17:33,29/09/2026 17:33
3e42a7a5-37ad-4561-8538-43b0bd0fcdee,bedandbreakfast.ninja,available,74,80,17,,,
f6ee0600-3e09-4860-89b9-e7f2b55ec73f,bedandbreakfast.pro,expiring,74,80,17,"Spaceship, Inc.",12/07/2024 12:59,12/07/2025 12:59
a79f0ba3-7112-47e6-a34c-eb95b57e2bdc,bedandbreakfast.so,available,74,80,17,,,
0498d937-2620-4123-869f-b86c21771b61,bedandbreakfast.tech,available,74,80,17,,,
4e3d80bf-7472-42a3-a33c-9ca35474eee1,bedandbreakfast.xyz,resell,74,80,17,"Go Daddy, LLC",02/06/2014 16:49,02/06/2026 23:59
b5b32a6b-9a76-4719-9872-c1f94c48c00c,bedandbreakfast.zone,available,74,80,17,,,
bfea7755-9b55-4da6-8cfe-9c09e7d24801,service.at,sold,70,84,7,sourceheads Information Technology GmbH ( https://nic.at/registrar/181 ),,
e70bcf90-cd00-42ec-b359-02f450bfeaad,service.cloud,available,70,84,7,,,
d49ca436-19c4-4e02-a696-33fb0f73a27a,service.expert,expiring,70,84,7,1API GmbH,15/07/2015 16:00,15/07/2025 16:00
ba4ee848-6b30-4c38-8d8e-05eb4bc5a134,service.gg,resell,70,84,7,"Spaceship, Inc (https://www.spaceship.com)",,
fc1b820e-346f-46d7-b7ec-511f3aae2918,service.io,premium,70,84,7,,,
9012b961-f711-487a-8a63-9f6e73b02895,service.it,resell,70,84,7,,17/12/2024 09:00,17/12/2025 00:00
e0f4a020-d271-4dbc-b15e-fb54a8958a66,service.online,premium,70,84,7,,,
614af471-5f46-42e6-882b-f8aee770188d,service.site,available,70,84,7,,,
1877ac2a-f13a-4623-98b1-240c554298e7,service.space,available,70,84,7,,,
f810f97c-ed33-427b-9233-56bd34ced41f,service.store,available,70,84,7,,,
f853c22f-0ac0-483e-80ab-27e868f4569f,service.tech,available,70,84,7,,,
1d554f41-695b-4530-83c9-f697181880a2,service.xyz,resell,70,84,7,"Sav.com, LLC",05/09/2021 18:02,05/09/2025 23:59
697ac40c-893e-4dc9-9e26-1d9594f5a5ba,dining.app,available,81,72,6,,,
3ed97e81-3a24-4221-8a77-0684f1434cc6,dining.at,sold,81,72,6,Aktualisierer Internet GmbH ( https://nic.at/registrar/35 ),,
e1f86978-8dff-4712-a610-eeb4c222fb1c,dining.cloud,available,81,72,6,,,
ad11e81a-770b-482b-802c-90215160be1c,dining.com,resell,81,72,6,Dynadot Inc,04/05/1995 04:00,01/03/2033 17:20
a553bcac-bc8e-4bf7-a577-dbc8bbff2c24,dining.dev,available,81,72,6,,,
0b3f61bf-be96-4296-b6a8-ad1a64586ab7,dining.expert,available,81,72,6,,,
8b90784c-e7f8-4594-87b5-a7003b284b25,dining.gg,available,81,72,6,,,
9ffb0246-d4a0-458c-ac50-23f6a641d5e8,dining.io,resell,81,72,6,"humbly, LLC",10/10/2014 00:30,10/10/2025 00:30
9b665a4a-1ea6-4650-8c89-424caef47e5e,dining.it,resell,81,72,6,,14/04/2012 16:49,30/04/2026 00:00
9aac5f86-081f-4a7e-a7a5-86468516b3b1,dining.me,expiring,81,72,6,"GoDaddy.com, LLC",31/07/2008 20:51,31/07/2025 20:51
b78ae4d5-af60-4008-ac54-b2e4742b2e53,dining.online,available,81,72,6,,,
3df944c1-f688-44eb-aeca-630df3782b72,dining.pro,resell,81,72,6,Dynadot Inc,25/03/2020 10:12,25/03/2026 10:12
5e0786ba-a97d-44e9-b655-cf91cab674d5,dining.so,available,81,72,6,,,
59f5002f-d7a6-4c81-a5ce-602e79eb9700,dining.space,available,81,72,6,,,
3b0db6ac-f1ff-4292-aa48-9627bcffb29f,dining.store,available,81,72,6,,,
16f6e300-8294-435c-822b-07704ae79c66,dining.tech,available,81,72,6,,,
e1a0e268-049f-4888-8d90-d7013439fbf4,dining.us,resell,81,72,6,"Wild West Domains, Inc.",24/04/2002 14:03,23/04/2026 23:59
8311e0bd-9158-4e50-8250-1c078fdd50cc,lodging.at,available,64,84,7,,,
1a8fa308-7d31-4a1f-9796-f118e6d755ea,lodging.cloud,expiring,64,84,7,"Chengdu West Dimension Digital Technology Co., LTD",11/07/2024 01:40,11/07/2025 01:40
567ed9e8-f10f-425c-b654-698b4222d9c2,lodging.expert,available,64,84,7,,,
d6031db7-934b-439f-9442-f73538dbcd39,lodging.gg,available,64,84,7,,,
5a3bd386-69d7-4589-9f2b-051e0c4ba217,lodging.me,resell,64,84,7,Dynadot Inc,10/07/2008 03:30,10/07/2026 03:30
d7cca1c1-3ed6-4e6d-9288-f2c5df8918fc,lodging.ninja,available,64,84,7,,,
83637fcc-0a75-4ca7-b7e0-f29b2030867a,lodging.online,available,64,84,7,,,
d52fb788-7430-4e6d-b43e-ce70cc1500f6,lodging.site,available,64,84,7,,,
b0445b23-18d1-47f5-86eb-9b8be37adb66,lodging.so,available,64,84,7,,,
7b893696-7f1e-4c46-9144-4b22fdc5579f,lodging.space,available,64,84,7,,,
3443d273-41b1-49b6-bdc4-fd92848e4b2b,lodging.store,available,64,84,7,,,
311c6ad6-11a5-4875-8722-0c8bf5f3ac7e,lodging.tech,available,64,84,7,,,
90a40f54-7a8c-401e-9c0e-36e8eddfe6a2,lodging.zone,available,64,84,7,,,
b669580d-2b0b-470d-8c86-e0f7c11015bd,accommodation.ai,resell,62,84,13,Dynadot Inc,10/09/2022 06:25,10/09/2026 06:25
9a6421c6-20a0-4664-829d-b0cd85a814e7,accommodation.at,premium,62,84,13,,,
88492844-59c6-4131-8c16-f578202f5ff3,accommodation.cloud,premium,62,84,13,,,
502c094c-6577-42d4-940c-0eab8a637d17,accommodation.dev,premium,62,84,13,,,
1249296d-039e-45ab-a032-7fcf086b8a65,accommodation.expert,available,62,84,13,,,
e961d47d-8836-4d1e-a49d-4beaf17c3919,accommodation.gg,available,62,84,13,,,
3086d66e-76d4-43da-a4f3-c1d37df9af60,accommodation.it,resell,62,84,13,,11/04/2011 21:21,12/05/2026 00:00
90605796-ac01-4399-b235-417b5f307fd4,accommodation.ninja,available,62,84,13,,,
9e24e975-9a3d-4cc2-b578-71fbc3ce6480,accommodation.online,premium,62,84,13,,,
cea42cec-2abc-4c81-9071-38380b3f500a,accommodation.pro,resell,62,84,13,Registrar of Domain Names REG.RU LLC,23/04/2017 10:12,23/04/2026 10:12
d1ede900-8ff1-4aed-ac23-27042bb47ccd,accommodation.site,premium,62,84,13,,,
d97e4d6c-95b6-472a-b5f1-f475938feb41,accommodation.so,available,62,84,13,,,
9a558b0b-fad3-4238-8903-7f407ae53c2f,accommodation.store,premium,62,84,13,,,
72f29f5a-d043-49b6-8736-ddcb615260b9,accommodation.tech,premium,62,84,13,,,
27dbb2d4-c705-4561-9294-200a54d97499,accommodation.zone,available,62,84,13,,,
0d9dad6d-7478-4acc-a60d-1422fde839f7,resort.at,sold,98,76,6,web invest gmbh ( https://nic.at/registrar/569 ),,
042c0048-0ba2-4b66-bd03-cbbbcd539725,resort.co,resell,98,76,6,InternetX GmbH,25/02/2010 00:47,24/02/2026 23:59
c68beb65-ff1b-45e2-9d4b-69b1fccea9af,resort.dev,available,98,76,6,,,
0d4951ee-f9af-4c36-8422-a867d9b463a4,resort.io,resell,98,76,6,Tucows Domains Inc.,09/11/2012 17:36,09/11/2025 17:36
dcc6ab72-7bb7-4940-a808-18e908f436d5,resort.me,available,98,76,6,,,
31ee8773-2ff4-4930-8b8a-b5aaa8a9468b,resort.ninja,available,98,76,6,,,
4ce8680c-2f58-42b0-82bd-924bd9182b2e,resort.online,available,98,76,6,,,
66bb2d14-bcb1-4765-b308-e8df7a97b38f,resort.site,available,98,76,6,,,
97727f67-1f30-41f2-901f-637bb034907e,resort.so,available,98,76,6,,,
9d5a5ae1-4842-405a-8eda-36f6a978981e,resort.space,available,98,76,6,,,
25780ef5-b76e-42da-8bbe-fdf2cfaee80d,resort.store,available,98,76,6,,,
59cc24f9-b3d4-44ec-8965-18f270ea2550,resort.tech,available,98,76,6,,,
b4d68d9c-dd6c-4f84-8349-5d4aa54f6286,resort.us,resell,98,76,6,"GoDaddy.com, LLC",24/04/2002 14:02,23/04/2026 23:59
865c44d2-9413-4661-a4db-ba0829954188,inn.at,sold,62,88,3,united-domains GmbH ( https://nic.at/registrar/94 ),,
60ccd660-f71f-45df-a386-639825e51ad2,inn.co,resell,62,88,3,"eNom, LLC",14/09/2010 16:36,13/09/2025 23:59
9e99d67d-193e-40a5-bcde-e3d138b68bb3,inn.dev,available,62,88,3,,,
074c996d-36ba-4ca4-8b7f-bb5cc5b82877,inn.gg,resell,62,88,3,"Spaceship, Inc (https://www.spaceship.com)",,
97ceb49c-0dd1-4cb4-b66b-956712e42793,inn.me,available,62,88,3,,,
69ad75da-ba66-46ef-ab5b-e367e8fd436a,inn.ninja,available,62,88,3,,,
4ef7f665-b16d-48e6-885d-7e09687ec0f0,inn.online,available,62,88,3,,,
fc781c56-e0bc-498e-8a13-a8379fa7508d,inn.pro,available,62,88,3,,,
cc2400c8-82ba-4e93-8a8d-1d47eb433a81,inn.site,available,62,88,3,,,
9a37f03d-af20-44a2-a403-05660bded79e,inn.space,available,62,88,3,,,
ad4b3ee0-c339-49ae-bb7b-929584b58280,inn.store,available,62,88,3,,,
af57606e-e733-4591-80c9-f6fc16dba716,inn.us,resell,62,88,3,"GoDaddy.com, LLC",11/07/2018 00:11,11/07/2026 00:11
b6d6ba4c-62db-41af-acba-a1d42c3d3a9c,motel.app,resell,86,84,5,West263 International Limited,05/05/2018 16:00,05/05/2026 16:00
832f5fae-2afb-427b-b0ad-15b2646ca7ca,motel.cloud,expiring,86,84,5,Epik LLC,30/07/2020 00:03,30/07/2025 00:03
d55e2d49-7454-48df-a546-e98a333134b1,motel.co,resell,86,84,5,InternetX GmbH,24/02/2010 23:23,23/02/2026 23:59
6afacae6-f311-4f2a-8173-610bab0b459c,motel.dev,available,86,84,5,,,
aa8f1bf7-b05e-4de6-a113-8788d28d86e5,motel.expert,available,86,84,5,,,
e8717c52-83e5-4645-8d67-6fda5715b8ff,motel.io,resell,86,84,5,InternetX,06/07/2013 01:56,06/07/2026 01:56
409ba13a-46f5-4e62-ae4d-493fdf62e72d,motel.me,expiring,86,84,5,DNPric.es,01/08/2008 13:30,01/08/2025 13:30
5a9b5c5d-59a9-499f-9861-ebc647c98141,motel.ninja,available,86,84,5,,,
c1a7ac74-3959-46b9-8101-1de7c1f2c3e4,motel.online,available,86,84,5,,,
3503da6b-211f-40dc-8e82-e90c10dcd84c,motel.pro,resell,86,84,5,Dynadot Inc,18/03/2005 00:00,18/03/2026 00:00
fc02f7c2-8167-42e7-b7d5-00d6844e55ea,motel.site,available,86,84,5,,,
11c322db-302a-406b-9a05-eb7b737d015a,motel.space,available,86,84,5,,,
b26e1e7a-1af8-41ab-a239-20fc23c7b387,motel.store,available,86,84,5,,,
8780783c-2623-427f-a87d-f283ff94ce72,motel.tech,available,86,84,5,,,
ef478a86-e940-4308-b829-411a3177d187,motel.us,resell,86,84,5,"GoDaddy.com, LLC",24/04/2002 14:02,23/04/2026 23:59
bfb9942f-3266-4da3-bea4-c054a96b98e4,motel.xyz,resell,86,84,5,Dynadot LLC,17/08/2020 00:56,17/08/2030 23:59
67e8c285-9e8b-4aa8-8647-7d4b921548b5,motel.zone,available,86,84,5,,,
e2310572-8c8b-426a-bd10-d5870da652ba,hostel.app,available,86,76,6,,,
d2736ecd-e482-4f8f-8151-2c126de35ae8,hostel.at,available,86,76,6,,,
1288f15c-3fb8-45c4-b4e1-7db69ac88e47,hostel.cloud,available,86,76,6,,,
0f975a87-cb64-4ed4-9354-a3871f6d7d9a,hostel.dev,available,86,76,6,,,
e83661cf-2d34-497d-8ada-b749929cbfa3,hostel.gg,resell,86,76,6,1API (http://www.1api.net),,
c3bdda94-5e80-445e-950e-3c4ed7bbc6e9,hostel.io,resell,86,76,6,InternetX,05/11/2013 22:06,05/11/2025 22:06
c7376758-7770-4011-941c-b0dae6f98514,hostel.it,resell,86,76,6,,10/02/2011 22:41,11/02/2026 00:00
bf33a4b4-1998-46f2-9d21-7f44d00fc946,hostel.me,expiring,86,76,6,"GoDaddy.com, LLC",03/08/2008 22:35,03/08/2025 22:35
1000d448-0074-44e3-ba5b-d375e2a71d40,hostel.ninja,available,86,76,6,,,
738a4180-b164-4cdc-a542-88319c37391f,hostel.online,available,86,76,6,,,
32bffe68-68e7-4183-a4f7-8f5126920fdd,hostel.site,available,86,76,6,,,
e45b1026-9ad0-4a25-8f17-626e64c58326,hostel.so,available,86,76,6,,,
e04907d4-e6c3-4825-869f-e2afacc2794c,hostel.space,available,86,76,6,,,
4e232ef4-3cc9-4dfc-a267-458c2ac48f9a,hostel.store,available,86,76,6,,,
ea8b5cda-03e0-4318-994b-fad72779079e,hostel.tech,available,86,76,6,,,
525d4ac4-0b87-48d8-bc4e-8c702c22e4eb,hostel.us,resell,86,76,6,Dynadot Inc,24/04/2002 14:04,23/04/2026 23:59
85524b77-6788-441e-82ea-5e2cb530171d,hostel.zone,available,86,76,6,,,
850983b8-d073-4691-8067-c7c9612be4a2,guesthouse.cloud,available,58,80,10,,,
cb491b45-70fa-470a-a44a-a3d5d5aca4d1,guesthouse.expert,available,58,80,10,,,
87f5e12b-1c89-4d04-b531-08eea79b1c77,guesthouse.gg,available,58,80,10,,,
792a47cf-6d98-42d9-8a99-43cf1fba10c6,guesthouse.io,resell,58,80,10,Dynadot Inc,01/12/2014 00:52,01/12/2025 00:52
570e10a4-dc0f-4c03-8af3-df83aa73efb0,guesthouse.me,expiring,58,80,10,OVH SAS,17/07/2008 15:33,17/07/2025 15:33
3ef7d5f1-6fa7-42d4-8dd7-9a6f0513cc76,guesthouse.ninja,available,58,80,10,,,
473c7727-7db1-4d03-8580-abddc3c631a9,guesthouse.pro,expiring,58,80,10,"Sav.com, LLC - 16",06/07/2024 17:00,06/07/2025 17:00
5345253f-d46d-427f-a3ca-7d0b0735752f,guesthouse.site,available,58,80,10,,,
54cd57b2-586c-4411-b79e-0b5c0ba4cddc,guesthouse.so,available,58,80,10,,,
1c9174ad-a8d1-4ad3-bc3c-028d667547f1,guesthouse.space,available,58,80,10,,,
3ecb1727-1a33-4e9f-b452-bfc06047565f,guesthouse.tech,available,58,80,10,,,
8bdb6746-1ffb-4aa6-834e-3b7b6cc8fb5f,guesthouse.us,resell,58,80,10,"GoDaddy.com, LLC",03/06/2004 20:03,02/06/2026 23:59
1e9b20b7-8c39-4b39-8a99-f85cc23badd8,guesthouse.xyz,resell,58,80,10,Dynadot LLC,13/02/2019 09:30,13/02/2027 23:59
e548f656-3031-4ef0-8e88-7eafd3b83f25,guesthouse.zone,available,58,80,10,,,
34672629-d4f6-48b9-9ef1-c45d7c62a637,boutiquehotel.at,available,66,84,14,,,
71e15bf5-ea46-4afb-989c-f354a4bcc62e,boutiquehotel.com,resell,66,84,14,GoDaddy Online Services Cayman Islands Ltd.,07/02/2001 18:15,07/02/2030 18:15
84333da1-e828-4c64-bb11-7ff55cfc765a,boutiquehotel.dev,available,66,84,14,,,
3a4c4758-4567-47a2-b1b4-fcdf19037783,boutiquehotel.expert,available,66,84,14,,,
49fcf1a7-3145-43c0-ab75-a7d50ecf6f7c,boutiquehotel.gg,available,66,84,14,,,
69b0637a-7cac-4d3c-8cf1-5800eb1214b0,boutiquehotel.ninja,available,66,84,14,,,
edf16ee5-d693-4551-b3a8-3319fad5465e,boutiquehotel.pro,available,66,84,14,,,
ec0f115b-22ad-41fb-80a3-535024a2564f,boutiquehotel.site,available,66,84,14,,,
89b6f21d-d011-432f-b8ee-248070a325b6,boutiquehotel.so,available,66,84,14,,,
934471dc-1dc4-414a-92d0-7764ee641440,boutiquehotel.space,available,66,84,14,,,
3a9b05b4-6035-41ec-8fcb-f3e255b5b1b2,boutiquehotel.store,available,66,84,14,,,
2330ee98-a3af-4ea4-bffc-6a13f0d34a40,boutiquehotel.tech,available,66,84,14,,,
9d7d4a3c-1d6b-40ac-8466-f623cc424fde,boutiquehotel.us,resell,66,84,14,Tucows Domains Inc.,25/04/2002 02:33,24/04/2026 23:59
1600a89d-05fb-4bb5-80b9-073fec9166ea,boutiquehotel.zone,available,66,84,14,,,
877196af-b316-4110-b2e8-6841a012de98,guestroom.cloud,available,58,76,9,,,
4c550bf4-828f-49ed-af64-c7cab629c59a,guestroom.dev,available,58,76,9,,,
3976c236-3fec-40a6-b2d1-d7b36483b6cc,guestroom.expert,available,58,76,9,,,
8c493182-2a13-42f4-a3f3-707ed488ff8f,guestroom.gg,available,58,76,9,,,
eaf28784-830f-4527-86fa-0d4f8fa7df5a,guestroom.io,available,58,76,9,,,
88cfc5dc-bf83-403b-afe7-f0774396eb53,guestroom.it,expired,58,76,9,,11/06/2016 16:00,11/06/2025 00:00
69cdb990-b68f-4103-b64a-bbb866e9bb11,guestroom.me,resell,58,76,9,"Chengdu West Dimension Digital Technology Co., Ltd.",09/11/2024 04:19,09/11/2025 04:19
e51e3f57-9451-4016-b187-23710b30d37e,guestroom.ninja,available,58,76,9,,,
cf24803c-bfce-41be-9aee-9a109f22d596,guestroom.online,available,58,76,9,,,
1fc5a995-da74-47f5-b06e-7f9da811af58,guestroom.pro,available,58,76,9,,,
d989c864-49cb-4386-9282-69b45862f67b,guestroom.site,available,58,76,9,,,
2acddca3-8fc1-4d7f-a653-b58667af0a22,guestroom.so,available,58,76,9,,,
7663ef51-cefd-4ddf-947d-8ef8bf2ea147,guestroom.store,available,58,76,9,,,
e5a9089d-afcf-4dda-9f86-a69becf28088,guestroom.tech,available,58,76,9,,,
ef049647-00cf-4523-9dee-6e33fc7e6a37,guestroom.us,expired,58,76,9,Dynadot Inc,09/05/2024 23:27,09/05/2025 23:27
7f689443-298f-481d-b73f-759c9213236c,guestroom.xyz,available,58,76,9,,,
19ecfd11-a49a-4580-91b8-fa6ad8f72c02,guestroom.zone,available,58,76,9,,,
aa15d2cd-3ce9-4c07-8ab6-3d003544977d,room.co,resell,130,84,4,"GoDaddy.com, LLC",06/10/2023 17:00,06/10/2025 17:00
bf8e8e24-40e7-4d5a-b739-d3390cd7b30a,room.expert,available,130,84,4,,,
5727f378-0f0c-42b9-8426-311c4042ad12,room.me,expiring,130,84,4,Gandi SAS,09/07/2008 17:08,09/07/2025 17:08
5aa9fc79-d14d-4a34-9688-c2a32cf85b13,room.org,resell,130,84,4,Dynadot Inc,06/03/2000 12:15,06/03/2027 12:15
d0bfdf99-16e7-46de-aba1-9abdd2e5dc61,room.site,available,130,84,4,,,
103b1463-f8b0-4b0e-8c3e-397d0a7fc4e2,room.so,resell,130,84,4,NameCheap,19/08/2020 20:07,19/08/2025 20:07
299bbf3a-70a9-4473-a12d-0afebcea3780,room.space,available,130,84,4,,,
604f838c-964c-48cd-92e8-3268e7f410e3,room.store,available,130,84,4,,,
cf10ca0a-60c5-4574-ae22-04ee8b87b977,room.tech,available,130,84,4,,,
8c437ba4-6c3e-4457-a01c-e407c5d2fe23,room.us,resell,130,84,4,"GoDaddy.com, LLC",02/06/2004 17:59,01/06/2026 23:59
16cc85c0-5b39-461b-9bec-230d0d811588,suite.app,expiring,70,84,5,Porkbun LLC,21/07/2023 11:54,21/07/2025 11:54
f9372fcb-3d82-4ca8-8f82-e89fc48a43ad,suite.at,sold,70,84,5,A.K.I.S. GmbH ( https://nic.at/registrar/319 ),,
bc857687-4a33-470f-bde4-b218a7df06f7,suite.cloud,resell,70,84,5,Tucows Domains Inc.,12/02/2020 14:39,13/02/2026 14:08
ebd5043a-c81e-4863-9d99-59456cdc30ed,suite.co,expiring,70,84,5,"GoDaddy.com, LLC",21/07/2010 20:21,20/07/2025 23:59
7119b010-f9b9-428d-afa5-0028a94b2c31,suite.com,resell,70,84,5,Tucows Domains Inc.,03/12/1998 05:00,02/12/2025 05:00
43d9a167-ee8c-49f3-9db6-3a7d84d0534d,suite.expert,available,70,84,5,,,
fe6c7198-93b2-4ed8-9400-c3fc9f12fa78,suite.gg,resell,70,84,5,Docky Company (https://docky.ly),,
f3584a91-7039-4e76-bdbc-64fb1f8ac6ac,suite.me,available,70,84,5,,,
b8abde31-f6ef-4a5d-b963-9373f8ddbf48,suite.online,available,70,84,5,,,
50c4fa52-f247-4636-a0c5-63282b9677a8,suite.pro,resell,70,84,5,Dynadot Inc,22/12/2020 14:30,22/12/2026 14:30
43b932b4-bbb4-43e0-a90b-0d42c865726b,suite.site,available,70,84,5,,,
2a9fa814-a0f4-4223-8d22-9fced2f44483,suite.space,available,70,84,5,,,
364d31ce-1fdd-4487-9b11-ebe1d135c68e,suite.store,available,70,84,5,,,
a84dc4cb-17aa-432e-a2b5-eda730da675a,villa.app,resell,66,96,5,Dynadot LLC.,04/05/2018 15:12,04/05/2026 15:12
b8747580-ecec-4a3d-b7ef-6dea7b8b58e3,villa.at,sold,66,96,5,MarkMonitor Inc. ( https://nic.at/registrar/434 ),,
6e6b30a8-540f-4e37-a0a7-1d3daf94685e,villa.dev,available,66,96,5,,,
1562a752-d7b9-4737-afef-4fad2cefedb9,villa.ninja,available,66,96,5,,,
0b9c44f5-7581-49b8-ad31-ca6c176eb9df,villa.online,available,66,96,5,,,
391a7603-eea6-49aa-bfc9-ed3667f15d00,villa.site,available,66,96,5,,,
c2c8e6c7-1cc9-483d-be03-2960a3404cac,villa.space,available,66,96,5,,,
3f67ce40-e310-4ca8-aa75-e5e359ef20c9,villa.store,available,66,96,5,,,
dd9a3d90-e4c7-496e-adbf-23f3bc600d07,villa.tech,available,66,96,5,,,
4ca7b841-a7b1-41fb-8043-1cbbd51fb899,cabin.expert,available,86,88,5,,,
ef63918c-278a-4c73-8e63-f5db9228929b,cabin.it,resell,86,88,5,,31/10/2021 09:00,31/10/2025 00:00
62d01761-1173-4289-aab6-ced6be0ecf7f,cabin.me,resell,86,88,5,Dynadot Inc,17/07/2008 15:27,17/07/2026 15:27
36279308-dbac-469c-920c-af2fa5491ed2,cabin.ninja,available,86,88,5,,,
65ba0c5b-c4ca-4b6e-9c94-910c417dcbe1,cabin.online,available,86,88,5,,,
c43f169a-753d-49cb-8fcc-80b1ab53ea52,cabin.org,resell,86,88,5,Dynadot Inc,23/06/2001 01:44,23/06/2027 01:44
4d429eba-d15d-4681-b3ff-7652c7ced063,cabin.pro,resell,86,88,5,Dynadot Inc,16/01/2019 10:08,16/01/2026 10:08
1519f285-ac80-4849-b23a-d0fa412c9b14,cabin.site,available,86,88,5,,,
bb06444a-aa1a-446f-a337-80ee36916ebb,cabin.so,available,86,88,5,,,
7ce80caf-f86a-4bb9-8a98-abc15b396e7c,cabin.space,available,86,88,5,,,
c9d3d5af-49f9-495e-af4d-3cc466c76806,cabin.store,available,86,88,5,,,
ae020c64-ae30-4fd0-b8c7-aaa138088368,cabin.tech,available,86,88,5,,,
b93dc035-b14a-42d5-97eb-cf6a1ee4c141,cabin.zone,available,86,88,5,,,
c045ed54-1805-4e42-8891-f77034d41f43,cottage.app,resell,62,84,7,Namecamp Limited,05/05/2018 16:00,05/05/2026 16:00
737c33d2-b5b1-4a12-a17e-cf53098c5b1c,cottage.at,sold,62,84,7,Vautron Rechenzentrum AG ( https://nic.at/registrar/610 ),,
e2ca9605-8a86-4ff7-b4fd-5b738f9b11a9,cottage.co,expiring,62,84,7,"GoDaddy.com, LLC",21/07/2010 20:27,20/07/2025 23:59
47e96b4a-e71b-4a33-8108-b6bf86623418,cottage.expert,available,62,84,7,,,
056ebb3f-d57d-48e8-a487-0142800441b8,cottage.gg,available,62,84,7,,,
34be3a63-0c2a-4906-88a9-71ee85935a3e,cottage.me,expiring,62,84,7,DNPric.es,17/07/2008 18:05,17/07/2025 18:05
7f53b4d8-2489-45af-9b56-2fcf528a4df1,cottage.online,available,62,84,7,,,
3bec3fb7-9f4e-4d02-9841-84da22195ee0,cottage.pro,resell,62,84,7,Dynadot5 LLC,21/10/2021 14:30,21/10/2026 14:30
255e7d8a-cd5e-409f-a71c-10af94c1370f,cottage.site,available,62,84,7,,,
cd33542d-0be8-4f79-b462-716e8edea03d,cottage.space,available,62,84,7,,,
ff4ba0dc-f808-4d82-ad81-1d0ec469a2d1,cottage.store,available,62,84,7,,,
b6e76764-e4b3-4cbb-9916-9c2f1fa1ee8f,cottage.tech,available,62,84,7,,,
5dd2c581-ac9f-4c09-9687-7423dbcd19a3,cottage.zone,available,62,84,7,,,
0f309f47-aae8-4749-96ce-2a075449365f,roomservice.expert,available,,76,12,,,
78eb1dc0-b3f6-4542-acbf-a2509da4f894,roomservice.gg,available,,76,12,,,
00a9c1bd-9ea2-46b5-8a68-c78bf34a4012,roomservice.io,resell,,76,12,"NameCheap, Inc.",06/02/2018 22:18,06/02/2026 22:18
47e365cd-447a-4b75-b95e-fec40c3d2cbb,roomservice.it,expired,,76,12,,28/06/2017 09:00,28/06/2025 00:00
f9871017-a58f-4732-b896-3adb263b5bca,roomservice.me,resell,,76,12,"eNom, LLC",21/05/2025 05:42,21/05/2026 05:42
a39b74b9-15fb-4217-8390-78edad41d48a,roomservice.ninja,available,,76,12,,,
8a160210-a0da-4d05-988c-b441d91351fd,roomservice.site,available,,76,12,,,
316fd1d3-cd7a-4385-87d9-ce4e612686f4,roomservice.so,available,,76,12,,,
1b49c197-9824-451e-818f-0a692abb63a0,roomservice.space,available,,76,12,,,
408d270f-ff1a-470f-8be9-e107bc9c0b22,roomservice.store,available,,76,12,,,
51a21691-d791-490f-90dd-09ee31e15e32,roomservice.tech,expiring,,76,12,"CHENGDU WEST DIMENSION DIGITAL TECHNOLOGY CO., LTD.",10/07/2024 04:43,10/07/2025 23:59
e4122f16-15c7-459b-b08e-32121c6fa869,roomservice.us,resell,,76,12,"GoDaddy.com, LLC",24/04/2002 14:09,23/04/2026 23:59
882ff192-f4e7-44d3-a21a-6d7e9c42b6eb,roomservice.xyz,resell,,76,12,Dynadot LLC,01/12/2015 03:41,01/12/2025 23:59
b21e5f5b-bd05-47a0-8acc-3c8bcc4152d2,roomservice.zone,available,,76,12,,,
43f25ddf-c9ad-4ba6-9c30-cb6152d33437,concierge.at,available,60,88,9,,,
4d30cd29-3651-403a-a00b-276d32e5e6c7,concierge.cloud,available,60,88,9,,,
2cde805a-5c09-4cf8-b600-1e113bef46b4,concierge.expert,available,60,88,9,,,
cc7e7ff8-0717-4c58-8695-dcc07109e540,concierge.net,expiring,60,88,9,"eNom, LLC",04/08/1997 04:00,03/08/2025 04:00
59e3ed86-e99e-41ac-8d14-8069806ebe2a,concierge.ninja,available,60,88,9,,,
627050f6-c3d9-4d8e-bc6c-497a4960996d,concierge.online,available,60,88,9,,,
f36b04ce-e127-469b-bbc6-2ab18617b83f,concierge.pro,resell,60,88,9,Unstoppable Domains Inc,13/01/2021 14:30,13/01/2026 14:30
21b5d972-9db1-44a1-bd59-18403985ecb2,concierge.site,available,60,88,9,,,
e0f7d7e0-e4a2-4c99-9d38-aeae34a05818,concierge.so,expired,60,88,9,NameCheap,24/04/2021 19:05,24/04/2025 19:05
51ff6a44-25a8-4636-8fd0-0ed77739297a,concierge.space,available,60,88,9,,,
b2ec2e8a-a54f-42df-8b86-eabdda7cdf19,concierge.store,available,60,88,9,,,
57c1d554-446f-43ff-9d16-ac948df282aa,concierge.us,resell,60,88,9,"GoDaddy.com, LLC",24/04/2002 14:06,23/04/2026 23:59
88dce90e-8bf5-4483-a6ec-57321ff8993f,concierge.zone,available,60,88,9,,,
236e62cf-1744-4ee6-9a2f-e3a108b2fa01,restaurant.at,available,78,84,10,,,
7086a32d-a82f-40a3-9eaf-11f1dac77d52,restaurant.cloud,resell,78,84,10,"Dynadot, LLC",24/02/2016 03:37,24/02/2026 03:37
c18b2f0d-7637-458d-b28f-9d58d15b852f,restaurant.dev,available,78,84,10,,,
1875eed5-063c-48f2-974a-6294636e286f,restaurant.expert,available,78,84,10,,,
cc7f3c24-115a-4d98-be69-4a18ba3074b5,restaurant.gg,available,78,84,10,,,
5ba4bfd0-8998-4835-a560-1f0b157da673,restaurant.me,resell,78,84,10,Dynadot Inc,29/04/2008 18:02,29/04/2027 18:02
278ae754-6a3a-4fa9-b3ec-97b1193bce17,restaurant.online,available,78,84,10,,,
092c7c39-e9e8-4af5-a5c3-4051d50aac8d,restaurant.site,available,78,84,10,,,
8418e115-05a1-41a5-8846-cf0eabe83f68,restaurant.so,resell,78,84,10,SOSTEC TECHNOLOGIES_LR,20/06/2024 04:48,20/06/2026 04:48
e2b83c4c-bb78-4d4c-a5b8-f2ba523f7065,restaurant.space,available,78,84,10,,,
cb1679a2-a908-4574-a245-69a593c82e75,restaurant.tech,available,78,84,10,,,
f3957416-6da7-48f4-8dae-4b90524a8c71,buffet.ac,available,103,12,6,,,
4a6e0412-ffe5-48a5-8ce6-ab30618cc534,buffet.academy,available,103,12,6,,,
0097335a-325b-4d02-9158-b9a25fe257f7,buffet.accountant,available,103,12,6,,,
c8d43d14-c454-482f-8da9-783a24427a0b,buffet.accountants,available,103,12,6,,,
383534f9-3b3a-4f2d-86ad-c7dc6a2e188d,buffet.actor,available,103,12,6,,,
aba59770-fbac-4089-b046-bdb785918638,buffet.adult,available,103,12,6,,,
e2b57eab-47c6-41e7-91fa-62adebf88a89,buffet.ag,available,103,12,6,,,
abd7fd3e-4423-47a7-8b1e-15d0fe7e2a81,buffet.agency,available,103,12,6,,,
570cf246-f3ad-4bdf-8515-4a2fda6c8651,buffet.ai,resell,103,12,6,Hyper Limited,23/01/2019 04:00,23/01/2027 04:00
a511144b-b824-4e7d-b324-5b182ebea91a,buffet.airforce,available,103,12,6,,,
b2da5426-2103-459e-b7c8-e591bb2c9140,buffet.apartments,available,103,12,6,,,
1a0b183f-0a2c-4309-978f-127bef28ffa8,buffet.archi,available,103,12,6,,,
8095c45d-8498-48e9-b583-622db76d12eb,buffet.army,available,103,12,6,,,
1e8b34f9-a27c-4a53-9e82-4e31ce47a9c3,buffet.art,available,103,12,6,,,
c69d5399-a3b2-41a0-ae11-888d2f163aa6,buffet.associates,available,103,12,6,,,
32370a96-a599-4a69-aa28-81275794d131,buffet.at,available,103,12,6,,,
344a041d-afa1-4cfb-9754-c7ea5104ec4d,buffet.attorney,available,103,12,6,,,
36325239-5f22-4d1e-baa7-339e5fc78729,buffet.auction,available,103,12,6,,,
335fe626-1899-4550-8583-98be00a336e0,buffet.audio,available,103,12,6,,,
3eeac1b3-1a50-48f2-a6a6-3bacd52630ef,buffet.auto,available,103,12,6,,,
f090ed1a-3926-4fdc-b08a-a37938ab5394,buffet.autos,available,103,12,6,,,
2e7b4256-1bf3-4636-9c08-2e5d150b50b3,buffet.band,available,103,12,6,,,
fbac80ce-be1e-41cd-967d-c0e977d42d15,buffet.bar,available,103,12,6,,,
3163c733-48a8-4c7d-97d4-bacdc5bb93b7,buffet.bargains,available,103,12,6,,,
fd215ee9-cb76-43f5-a63a-128d44dc5ec7,buffet.bayern,available,103,12,6,,,
617f2869-2180-411f-8e75-f429ba96f048,buffet.beauty,available,103,12,6,,,
3ec62950-7f43-460e-98c8-5c98332bbdc0,buffet.beer,available,103,12,6,,,
0303ba47-9c08-4c17-abc1-5885dacf2a6b,buffet.berlin,available,103,12,6,,,
45574aad-9679-49cd-9da8-b7fe0d453641,buffet.best,available,103,12,6,,,
e88a36ac-dcbf-47be-83da-bd29de7babe7,buffet.bet,available,103,12,6,,,
277b6d53-cb04-41e4-9a83-00f78500708b,buffet.bid,available,103,12,6,,,
b9ab9a48-9773-45a8-8e6c-b5f9342968fd,buffet.bike,available,103,12,6,,,
6ee97a31-d8ce-4f49-acf8-4c170a043519,buffet.bingo,available,103,12,6,,,
1e84432e-a887-4061-b146-0c5473a4fb4e,buffet.bio,available,103,12,6,,,
2c00fb5e-d587-4a08-89ed-81936697e497,buffet.black,available,103,12,6,,,
0006785b-381b-4154-969e-5d563a0a7ff8,buffet.blackfriday,available,103,12,6,,,
ea7bc400-5a21-446e-905c-786c6b061c33,buffet.blog,available,103,12,6,,,
664b11d8-b6fc-4e95-95c6-361d1c1ccbf6,buffet.blue,available,103,12,6,,,
c703613d-08da-48d6-96f8-c6844e5f2bb0,buffet.boats,available,103,12,6,,,
634dc0d9-409c-4866-a439-257bfafdb1c9,buffet.bond,available,103,12,6,,,
04f65471-28c2-4e24-a6ff-ead64ccf909b,buffet.boo,available,103,12,6,,,
afe3917e-ca3b-4621-ac63-1ea8d1cec5a7,buffet.boston,available,103,12,6,,,
8eb1f57c-b853-4ae3-8f48-eafa020b5cb3,buffet.boutique,available,103,12,6,,,
79eb5bed-ecc2-41b0-bacf-67ee32f26c94,buffet.build,available,103,12,6,,,
7d84ae57-00ae-4b72-be6a-e05b70385642,buffet.builders,available,103,12,6,,,
9923a5e8-6bf0-49f9-b9c8-61ebedb0fb2e,buffet.business,available,103,12,6,,,
bb78d359-572f-4c5e-8481-8f33576b769b,buffet.buzz,available,103,12,6,,,
6ad99e39-7e0a-4f94-b3e4-fb5e84913402,buffet.bz,available,103,12,6,,,
e90ec288-2aaa-483b-8499-759f42b5eadc,buffet.cab,available,103,12,6,,,
3b138ccd-b118-4b57-a2b0-c8784383b1d9,buffet.cam,available,103,12,6,,,
4f5d3889-074b-4fd7-8bb3-8ebb46f84d54,buffet.camera,available,103,12,6,,,
ae7c8b84-7c61-48ce-94e9-903b22ec24ae,buffet.camp,available,103,12,6,,,
7db79653-4482-4f1d-bd33-86c3f1313898,buffet.capital,available,103,12,6,,,
a23f44f3-0adc-47ba-aa5c-61515023381e,buffet.car,available,103,12,6,,,
cb7eab02-e312-4292-bdf8-887b2ba9c706,buffet.cards,available,103,12,6,,,
873a439b-57f0-472c-bdce-4e13b8726ed0,buffet.care,available,103,12,6,,,
e9a4386f-883f-4dd4-b8a7-86b4126e987b,buffet.careers,available,103,12,6,,,
7f3c77c8-0ac3-4b35-8bb3-64ee2db87fc9,buffet.cars,available,103,12,6,,,
01de41a6-8397-4d34-87de-c6f15f711736,buffet.casa,available,103,12,6,,,
a20ae7b3-e6c3-4b2a-97e6-bbb3beeaf9f0,buffet.cash,available,103,12,6,,,
5e296a3a-29c4-4643-aa3a-5b07eab4484d,buffet.casino,available,103,12,6,,,
316eeb72-6573-4fad-b382-f126d6d96a12,buffet.catering,available,103,12,6,,,
89debf21-7e70-489a-ac32-703d865f5838,buffet.cc,resell,103,12,6,Dynadot Inc,02/12/2024 09:02,02/12/2025 09:02
ad706e37-a20e-4313-b3e5-060d0114bbd2,buffet.center,available,103,12,6,,,
7a5fc3f6-71f0-488f-9370-d3cfcd80c039,buffet.ceo,available,103,12,6,,,
902fae0a-3403-46f0-ab5a-4ae598adac34,buffet.cfd,available,103,12,6,,,
faa72cc4-4c84-465e-b827-7a17fa566415,buffet.charity,available,103,12,6,,,
8fa032cf-c470-4369-a66c-255794501a4a,buffet.cheap,available,103,12,6,,,
528b4673-cc12-4827-9bd0-051b0e8e04c8,buffet.christmas,available,103,12,6,,,
986d7e2f-2277-4df0-8bb5-4c28c0f5ab71,buffet.church,available,103,12,6,,,
7f432f50-1f62-4aa2-b99a-b0192425e42e,buffet.city,resell,103,12,6,"DNSPod, Inc.",07/03/2022 13:15,07/03/2026 13:15
a42bd600-85b2-46a2-b6ea-5cbb1d433ba3,buffet.claims,available,103,12,6,,,
025cab08-7a80-4504-97d6-b1a0f6b6ecc2,buffet.cleaning,available,103,12,6,,,
3a8687a1-fa4e-46c7-b78b-088f0efa432c,buffet.click,available,103,12,6,,,
a55ded10-5977-418c-9a41-cb47be1cb1e0,buffet.clinic,available,103,12,6,,,
064dcbe9-08a6-4f01-890c-4166255df5e1,buffet.clothing,available,103,12,6,,,
4820e654-f094-4179-be2f-36414fb922f3,buffet.cloud,available,103,12,6,,,
1ab5db1f-0063-456e-ba88-00d4503a7976,buffet.co,expiring,103,12,6,"Spaceship, Inc.",31/08/2010 18:24,30/08/2025 23:59
d50f8075-70ce-43bf-bab8-13e213036557,buffet.coach,available,103,12,6,,,
6e980051-32d9-43b6-9161-a15143d82463,buffet.codes,available,103,12,6,,,
17abbbf8-08d2-451e-8214-b21059c0dfe3,buffet.coffee,available,103,12,6,,,
8009710e-7972-4a12-8f7a-b07ceba915cb,buffet.college,available,103,12,6,,,
cd800ec7-8f85-4459-b93a-1bfb6c6c010b,buffet.community,available,103,12,6,,,
45e6e7e8-e78d-484a-8d51-cc206ebc6c0a,buffet.company,available,103,12,6,,,
04d86f90-abc7-4032-9c7f-b3d903ee45db,buffet.computer,available,103,12,6,,,
4ef0bbc6-ae52-4518-a015-506a84a8495e,buffet.condos,available,103,12,6,,,
a5c3d3d7-3c19-41f8-8a1b-61f21109ffef,buffet.construction,available,103,12,6,,,
67e1d525-628a-42fa-b0ef-5d520db644ba,buffet.consulting,available,103,12,6,,,
78718fa0-5200-49b2-b050-c6b2613d418f,buffet.contractors,available,103,12,6,,,
fe6474ff-89f0-4fbe-a14b-649985e59b33,buffet.cooking,available,103,12,6,,,
901fa9f9-3a21-4fc7-a526-3ec70803c554,buffet.cool,available,103,12,6,,,
f3e57553-396c-4e23-af52-605904633254,buffet.country,available,103,12,6,,,
4f06eacb-62c8-458c-ac27-0b0a5b02e817,buffet.coupons,available,103,12,6,,,
9150407a-52e9-4864-9409-56cf615b72b5,buffet.courses,available,103,12,6,,,
f4950229-fe96-4dac-b56f-1d33eef5130c,buffet.credit,available,103,12,6,,,
58c35172-089b-4c84-a900-74ffa92f36c0,buffet.creditcard,available,103,12,6,,,
362bd5a0-d04c-4d99-8522-7c4c85e2b503,buffet.cricket,available,103,12,6,,,
fba10024-906b-4c54-a4b2-25c70618b22f,buffet.cruises,available,103,12,6,,,
d7ceb1ba-85f5-46a3-bff4-53fc4e962038,buffet.cv,available,103,12,6,,,
a7238cfa-b434-4505-a8fd-0fe12aa50ddd,buffet.cx,available,103,12,6,,,
2497fce8-45f0-412b-be54-b4fae7b0187f,buffet.cyou,available,103,12,6,,,
73d82ae5-78a0-4ec7-a314-066ffde8b816,buffet.dad,available,103,12,6,,,
9967c150-07d8-488f-b4bf-2d30df092e6a,buffet.dance,available,103,12,6,,,
1d3d46e1-f70b-4fcd-82d7-1516d2d81c0f,buffet.date,available,103,12,6,,,
9f97915b-4dbf-4c86-92a7-ca8ddd4165ae,buffet.dating,available,103,12,6,,,
bd2ce2c0-4d76-42de-9914-7f374811428c,buffet.day,available,103,12,6,,,
c0146e8a-8544-423f-bab9-295dd2cef9cd,buffet.dealer,available,103,12,6,,,
9fb483ac-cf2f-4c93-a8bd-c163b291ff6f,buffet.deals,available,103,12,6,,,
ea6722e3-78cb-4437-9e48-2528dcfd5033,buffet.degree,available,103,12,6,,,
ecf85f90-8d61-48ce-9789-f724dcb01003,buffet.delivery,available,103,12,6,,,
8fb39da4-ebbf-4508-a9cf-79a0aef97efc,buffet.democrat,available,103,12,6,,,
f263bca7-67ab-4731-a14a-ca1547b76c5e,buffet.dental,available,103,12,6,,,
33e229c9-aff2-410d-85c3-473852470639,buffet.dentist,available,103,12,6,,,
b41766e7-476d-4d9e-acdf-9094c9a3e265,buffet.design,available,103,12,6,,,
960c7303-24d7-4848-a1da-eeeba07e0d3b,buffet.diamonds,available,103,12,6,,,
a7ce5848-287e-4c06-a99e-2cfe71931d2b,buffet.diet,available,103,12,6,,,
3c112a86-6880-4344-8adb-605dc9413cdf,buffet.direct,available,103,12,6,,,
88b0a82c-8b2b-4428-8cc0-63f1e54e38b0,buffet.directory,available,103,12,6,,,
f6743a22-2c8f-4ed2-835d-2067b3f87370,buffet.discount,available,103,12,6,,,
79dd84d0-cde0-4d64-ac34-b5ead25bacab,buffet.diy,available,103,12,6,,,
e444fcd3-6d9a-41e0-8326-6f1b9a56ec30,buffet.doctor,available,103,12,6,,,
f8262084-3c2d-4993-ab5b-7a7d08b53413,buffet.dog,available,103,12,6,,,
3528f918-8de4-4015-af41-d388ce4f7869,buffet.domains,available,103,12,6,,,
a97ca09a-24c6-4f9f-a243-bd82dee67211,buffet.download,available,103,12,6,,,
8d0cd4b7-301d-48bb-a089-e248c9a3f6ae,buffet.education,available,103,12,6,,,
c1d817e5-e171-4d4b-9b5e-b4b1788ef7d9,buffet.email,available,103,12,6,,,
dfe6d7e3-21a4-40a2-b59f-3b6ea11a0488,buffet.energy,available,103,12,6,,,
fee6e6ab-3b59-4946-bebe-49a08a17fe2c,buffet.engineer,available,103,12,6,,,
83c41c01-552b-42f5-b787-2ddf8091afbc,buffet.engineering,available,103,12,6,,,
ea88628d-7e5a-445f-8a31-35dd4a96fe3f,buffet.enterprises,available,103,12,6,,,
0ab089d3-fead-446c-aab6-99086d041173,buffet.equipment,available,103,12,6,,,
469627e9-dca0-4dd3-98f6-dc019a40dd2a,buffet.esq,available,103,12,6,,,
9aa08ffe-ec7e-4d48-80a2-4ab76faf92c2,buffet.estate,available,103,12,6,,,
b885e010-5470-471d-978c-c56e8f291776,buffet.events,available,103,12,6,,,
11dacc2c-b370-4f32-b210-17b34e05118e,buffet.exchange,available,103,12,6,,,
9994ccb0-64f7-4c0c-acfd-7d7230b3cdae,buffet.expert,available,103,12,6,,,
ee1f520e-abc7-420e-b824-174832aa1470,buffet.exposed,available,103,12,6,,,
1495cb59-8e0f-4f47-8120-91a4a5202f68,buffet.express,resell,103,12,6,"Sav.com, LLC",21/10/2024 19:00,21/10/2025 19:00
61540cbf-c568-4c68-97ad-29500217b1a0,buffet.fail,available,103,12,6,,,
9f86ece9-51d5-48e3-b521-86014064e995,buffet.faith,available,103,12,6,,,
75c7dd93-b8e9-46c0-bce0-a9005f249e42,buffet.family,available,103,12,6,,,
4b4ac927-90c9-4f3f-b77d-f0a79ba50032,buffet.fan,available,103,12,6,,,
fdc5f2d6-a577-40f0-a1bf-5da48005ac9c,buffet.fans,available,103,12,6,,,
e555e88b-9f2c-4545-be01-dcbcc2a98c3e,buffet.farm,available,103,12,6,,,
a366f7fd-f337-4e3a-b4f4-6c039476a78e,buffet.fashion,available,103,12,6,,,
67a8370f-0d5f-4bc5-8516-cab381c4bba9,buffet.film,available,103,12,6,,,
70ac9a40-8c60-47ca-a40f-46918122511f,buffet.financial,available,103,12,6,,,
2d0a15ab-e407-49d0-a6a8-45df65d295f4,buffet.fish,available,103,12,6,,,
cdb85292-a04d-44d5-9fda-2466c4d9e939,buffet.fishing,available,103,12,6,,,
4ed45ed7-ed9b-4f1e-809a-9f0aee70f2bc,buffet.fit,available,103,12,6,,,
82a7f199-f76c-442b-bcdd-90c99331401e,buffet.fitness,available,103,12,6,,,
151897d9-a796-435f-a166-ac2909b3892a,buffet.flights,available,103,12,6,,,
9b24db9f-9349-4e56-8566-402d06a5d421,buffet.florist,available,103,12,6,,,
1d0b4c9a-e9b8-4502-b2c2-73c083a4643f,buffet.flowers,available,103,12,6,,,
d7dedb9a-fd4b-40c2-99dd-aa7fb21bf935,buffet.fm,available,103,12,6,,,
f70b80f5-8d7f-46bc-86b6-5f4a2472f12a,buffet.foo,available,103,12,6,,,
e35a3816-1484-463b-8058-f11acc40fcd7,buffet.football,available,103,12,6,,,
b801f3e8-5f26-40e5-9005-1257cb209b86,buffet.forsale,available,103,12,6,,,
7de15a88-3ff7-4ae5-ba30-e84d16fa8a33,buffet.forum,available,103,12,6,,,
aa699cc7-9e14-4870-84d0-31cdc22550b7,buffet.foundation,available,103,12,6,,,
0e36ceaa-9da7-4102-82d1-e52c24d1b83e,buffet.fun,available,103,12,6,,,
816f6826-bdaa-4bbf-9f04-c68c3f6c7f6d,buffet.furniture,available,103,12,6,,,
238ca1e9-82b1-4185-9392-bebd2beccfa1,buffet.futbol,available,103,12,6,,,
9a07f7bf-4b45-4d76-98f8-c995f84e5b0b,buffet.fyi,available,103,12,6,,,
3920de44-c3d3-401b-94e2-7e1172747e06,buffet.game,available,103,12,6,,,
377b7b46-15b1-403d-9d69-6b33714a14ae,buffet.games,available,103,12,6,,,
de4609d8-a580-439e-b81e-04030da35560,buffet.garden,available,103,12,6,,,
49b22af8-0821-4f89-a800-65a87abb3129,buffet.gay,available,103,12,6,,,
489435d9-0c84-4513-b977-d009a0492291,buffet.gift,available,103,12,6,,,
25ae18fc-34c3-409a-975a-c6f4441a3361,buffet.gifts,available,103,12,6,,,
2c6d4970-8a5c-498b-91e6-6c05cdcda44e,buffet.gives,available,103,12,6,,,
9a4bacae-8897-4e9c-bbce-c8ff8311820d,buffet.giving,available,103,12,6,,,
5b2a9354-7ded-45be-b8f4-ef8f7bb9c401,buffet.glass,available,103,12,6,,,
75a977f5-85d5-4ee1-bc05-ea7ed4cb5651,buffet.global,available,103,12,6,,,
043474fa-163e-4b98-b7c8-7b262a5b6568,buffet.gmbh,available,103,12,6,,,
90333108-8b43-4fee-97bf-53fafe8bca66,buffet.gold,available,103,12,6,,,
55fda2de-8dd7-4426-a174-9b0b577d74d1,buffet.golf,available,103,12,6,,,
808429f4-c96a-4f76-bb7a-c20f08c9ee8e,buffet.graphics,available,103,12,6,,,
e8e4ec83-a0c2-4c22-928b-b167ba89d771,buffet.gratis,available,103,12,6,,,
079d5b73-b710-4982-9593-279470bc5c2c,buffet.green,available,103,12,6,,,
85b51306-8e28-4169-8036-2013c8077460,buffet.gripe,available,103,12,6,,,
ab9a1ba0-a876-41f5-acbc-a1f80beb16f2,buffet.guide,available,103,12,6,,,
fde8a150-b844-48ee-a95f-715552d46883,buffet.guitars,available,103,12,6,,,
43631f35-938c-4dad-ba24-7f28abc4ac70,buffet.hair,available,103,12,6,,,
3844b3ba-872b-41ef-b8c0-bdb407ac1bb5,buffet.haus,available,103,12,6,,,
803b4310-504c-42f3-b2ee-d6def5ef3e7d,buffet.health,available,103,12,6,,,
19c8ea5e-c644-4c6d-a36f-bbab489f4009,buffet.healthcare,available,103,12,6,,,
31513e03-26a2-404c-ae4b-fc2d8a9d4c9c,buffet.help,available,103,12,6,,,
f4f71771-d66b-474b-9c42-e4c75f5dd82e,buffet.hiphop,available,103,12,6,,,
4c2f889e-2ab5-4abf-ba9e-76c207de112a,buffet.hiv,available,103,12,6,,,
4f8a66b2-5ee2-449b-81d0-77509ba3d780,buffet.hockey,available,103,12,6,,,
023fe802-5040-4b67-8e03-be5d504096eb,buffet.holdings,available,103,12,6,,,
8a679a70-d388-45bc-a92c-bcdfeec6a6c5,buffet.holiday,available,103,12,6,,,
edfbb90f-58c9-47e7-90ee-b74aa7e17e6e,buffet.homes,available,103,12,6,,,
14afb183-82a9-4bea-9eb8-f51f3ba57de1,buffet.horse,available,103,12,6,,,
c4559364-9243-4432-9eea-eb71eb4583d2,buffet.hospital,available,103,12,6,,,
cb2b6bf1-5370-4d6b-92ae-c7da057d2fb0,buffet.host,available,103,12,6,,,
025cf758-4b8c-4c4b-9f49-cb7acb3eb5eb,buffet.hosting,available,103,12,6,,,
fb36a3bf-2e08-4041-b56e-9c506d637d99,buffet.hot,available,103,12,6,,,
b8d0b40c-8995-45fc-9421-931978b426b1,buffet.how,available,103,12,6,,,
7f52500e-9346-4bf6-8f6b-b98e33269809,buffet.icu,available,103,12,6,,,
9968871b-dd94-46b1-8510-c5b314703b40,buffet.im,available,103,12,6,,,
b160fd14-27d8-44d5-8026-4e11b3395580,buffet.immo,available,103,12,6,,,
63b074e1-ad08-40e7-9a2a-1645acdbc782,buffet.immobilien,available,103,12,6,,,
ee979977-407e-45c6-a0c0-77ee6aa67a71,buffet.inc,available,103,12,6,,,
e27b3fc6-7e5a-48f1-8870-1280e4988b78,buffet.industries,available,103,12,6,,,
754ccddd-9f6a-4fbf-af30-d740874c023f,buffet.ing,available,103,12,6,,,
6beecc03-7e21-4a18-b270-5260d64d54e5,buffet.ink,available,103,12,6,,,
2b4534e4-3d24-4e54-b2f4-1a232f2072d9,buffet.institute,available,103,12,6,,,
818e7bbf-22f4-4b72-8f56-8b6425986128,buffet.insure,available,103,12,6,,,
dbc04740-0541-42b8-a5a8-7283f33ed2b0,buffet.investments,available,103,12,6,,,
4da165e2-d189-48f3-a762-3105677852c6,buffet.jetzt,available,103,12,6,,,
641162b3-0b76-4e5f-af75-40a51cab1f26,buffet.jewelry,available,103,12,6,,,
7c4de80d-6492-4179-be54-024ca65d6ba7,buffet.juegos,available,103,12,6,,,
13793eaa-6f97-4d5e-bd90-4aed98d785ae,buffet.kaufen,available,103,12,6,,,
dcb4b5a5-9701-445e-8d04-d96681de403c,buffet.kids,available,103,12,6,,,
add46df3-d76e-4b3a-b262-00a1573e7074,buffet.kim,available,103,12,6,,,
4b70872e-d7ab-4bf6-855a-a60932263dde,buffet.kitchen,available,103,12,6,,,
fa14d939-ec6b-4ab5-ac5d-57759d32d1ad,buffet.lat,available,103,12,6,,,
ae12e926-21f8-4e8e-9670-e0acfe19affa,buffet.law,available,103,12,6,,,
1117f939-87ce-4645-8113-d8b4d51688ea,buffet.lawyer,available,103,12,6,,,
e1b23221-c31f-48aa-b3af-b3875ed453d2,buffet.lease,available,103,12,6,,,
fc452d1b-486c-4032-ac85-0e0368bb753f,buffet.legal,available,103,12,6,,,
f9f525a8-3925-4011-bf73-6db0d41e46d0,buffet.lgbt,available,103,12,6,,,
35d4ed15-077f-49bf-9e26-777bf3233184,buffet.lifestyle,available,103,12,6,,,
7feb1e4b-e97e-4b39-ad76-4fa13aee008f,buffet.lighting,available,103,12,6,,,
4d8e0c06-9578-42de-bc88-93eef77a5adf,buffet.limited,available,103,12,6,,,
b9640808-d481-4f95-9731-652389c21804,buffet.limo,available,103,12,6,,,
44f4a745-70ca-41ed-8fcc-4c7a8637fc15,buffet.link,available,103,12,6,,,
add2192b-1748-475e-adb9-ba8c41a404b0,buffet.live,expiring,103,12,6,"Sav.com, LLC - 8",03/09/2024 17:00,03/09/2025 17:00
0a251df8-a422-4a98-9918-1f4a988eb35f,buffet.living,available,103,12,6,,,
26d13ff7-8629-4142-87d4-eb992316ed52,buffet.llc,available,103,12,6,,,
d8ea54f9-a33e-4e1e-8f1c-79cfc3b3caf8,buffet.loan,available,103,12,6,,,
405d11e3-4922-413e-b5c6-314fc249982e,buffet.loans,available,103,12,6,,,
cbe93f16-f68d-44f6-9441-803736c48ef7,buffet.locker,available,103,12,6,,,
a964acf1-7d74-439a-b71f-1c88e92e4779,buffet.london,available,103,12,6,,,
64e005f9-e2d0-4f7c-9d36-f3637d339b69,buffet.love,available,103,12,6,,,
7c83edba-0c03-4219-a971-acb91a10b2a4,buffet.ltd,resell,103,12,6,"Chengdu West Dimension Digital Technology Co., Ltd.",24/10/2017 21:01,24/10/2028 21:01
d13c8ddb-e644-45af-bb6c-36ab9b1d4c50,buffet.ltda,available,103,12,6,,,
262cdf8a-e8d9-479c-960f-cc2584f2bea7,buffet.luxe,available,103,12,6,,,
e0627c51-3f11-4adc-994f-f3063abd1f4a,buffet.luxury,available,103,12,6,,,
fc43b7dc-d9c2-4297-8615-631ae4a1a33a,buffet.maison,available,103,12,6,,,
35549460-0691-4072-9e78-0711f9b2f7ce,buffet.makeup,available,103,12,6,,,
590756d2-d16b-47b1-93d1-8195961cb9ce,buffet.management,available,103,12,6,,,
437cf5e7-0b62-48fc-ad82-33be49c7dd52,buffet.market,available,103,12,6,,,
27095151-2abd-4973-a907-520fbfdf8863,buffet.marketing,available,103,12,6,,,
38fa2a06-bb77-44c7-b343-c6f4a992b50e,buffet.mba,available,103,12,6,,,
24f0b527-2942-46ae-bc7c-eddfb60981f4,buffet.melbourne,available,103,12,6,,,
2a8c8ed2-d44a-46c8-affe-f9685ead3ad9,buffet.meme,available,103,12,6,,,
c4869e98-3533-4406-8d27-f6e91a447d49,buffet.memorial,available,103,12,6,,,
832336f9-9d7f-4365-b64f-f4776e66fef9,buffet.men,available,103,12,6,,,
780d1738-72c9-44f4-906f-426f51b5564b,buffet.menu,available,103,12,6,,,
b14ae6ba-533a-4a03-a87a-57961a06df29,buffet.miami,available,103,12,6,,,
4c0b1f93-da3e-4348-9989-5f493e4b7db8,buffet.mobi,resell,103,12,6,"GoDaddy.com, LLC",13/12/2009 03:28,13/12/2025 03:28
89e49c90-0ead-4eb3-bd80-eff9187bf54b,buffet.moda,available,103,12,6,,,
24e0e411-81e1-46cb-9f6f-7dca2e1352dc,buffet.mom,available,103,12,6,,,
36702ee3-aa00-4692-a2db-d0029642eaad,buffet.monster,available,103,12,6,,,
1ce91643-0ce9-49a9-aae0-1e779928361d,buffet.mortgage,available,103,12,6,,,
160a785c-9e64-4029-8c19-e032c9e8f885,buffet.motorcycles,available,103,12,6,,,
a37e17d7-aa9f-4c38-a7ea-557512288890,buffet.mov,available,103,12,6,,,
f3f63596-b6b4-4bb4-a68c-1d9503e3fe3f,buffet.movie,available,103,12,6,,,
d88da799-97ff-43c8-a64d-99d95f4766e4,buffet.music,available,103,12,6,,,
06fb2dae-554a-4421-af65-2532dccbdaa0,buffet.name,available,103,12,6,,,
2529231a-8895-4667-98bc-8323c86faa81,buffet.navy,available,103,12,6,,,
09a2ef3f-ad6b-4458-9456-932e2026417e,buffet.net,resell,103,12,6,"GoDaddy.com, LLC",28/12/2001 19:17,28/12/2025 19:17
97ab4bc4-8f5b-4283-a24e-5aab6db2d56b,buffet.network,available,103,12,6,,,
f96c1b5e-6ef3-4596-92c0-49af08194880,buffet.news,available,103,12,6,,,
a2fee048-8f82-4d36-b276-995bd7bccfc7,buffet.nexus,available,103,12,6,,,
ece86344-c3f3-44ed-8c46-8d9d8f6737da,buffet.ngo,available,103,12,6,,,
9f0a3651-3e37-4ddd-8bd0-8c2768d5832f,buffet.ninja,available,103,12,6,,,
52c4e079-19d4-4d6b-9afa-33c457e021c2,buffet.nyc,available,103,12,6,,,
bbc9e727-b367-4ff4-afea-95c57afc1700,buffet.observer,available,103,12,6,,,
962c19a1-2436-4bf6-9639-18a34c041afa,buffet.one,resell,103,12,6,Dynadot Inc,15/08/2023 16:48,15/08/2026 16:48
0b3ab903-08fa-40df-8b7e-a7da14e507c4,buffet.ong,available,103,12,6,,,
1ce9715c-2cd8-4eb0-b257-a43a0ecff736,buffet.onl,available,103,12,6,,,
58f517fc-b5c2-45c1-adc3-f61a63486df7,buffet.online,available,103,12,6,,,
613b3cbb-581e-416c-a870-a339dbf813bc,buffet.ooo,available,103,12,6,,,
e886f22f-e87f-4d13-bd1f-27a041e5cbb3,buffet.org,expiring,103,12,6,"COREhub, S.R.L.",15/09/1999 09:45,15/09/2025 09:45
c20f2c36-b995-42b9-b767-416de0c70e5e,buffet.organic,expired,103,12,6,"GMO Internet Group, Inc. d/b/a Onamae.com",12/07/2024 09:30,12/07/2025 09:30
e559901a-0e7d-43f1-b08a-5ba7e5ab2b7d,buffet.osaka,available,103,12,6,,,
978f8da2-5022-437d-bfc1-40cc26d15ba5,buffet.page,available,103,12,6,,,
e1dba5f4-4457-47c0-9950-1d2f1ff2eac9,buffet.partners,available,103,12,6,,,
220516d4-ff8c-45be-83e8-b9265df49caa,buffet.parts,available,103,12,6,,,
ff06906f-ef2b-4be6-ac7d-1cc353045c40,buffet.party,available,103,12,6,,,
94a28d4b-b1f6-433f-9fdc-260ac778754c,buffet.pet,available,103,12,6,,,
2d813830-7f0d-410b-aa2b-894b28ea93f7,buffet.phd,available,103,12,6,,,
bb86ce26-d3e2-449c-8043-c69be3a2837b,buffet.photo,available,103,12,6,,,
8c8f7db6-f918-442f-8349-48e79eeddfc9,buffet.photography,available,103,12,6,,,
0132dd41-8509-44d2-8cb9-6eb2e37124c1,buffet.photos,available,103,12,6,,,
55fdc4f9-58a0-41b0-9670-2624cc3ed23c,buffet.pics,available,103,12,6,,,
f81f1c6d-55df-43bb-b633-08f09517c7a2,buffet.pictures,available,103,12,6,,,
95736d81-930f-4158-8035-3bdc8d986b6e,buffet.pink,available,103,12,6,,,
38a026b9-1633-4b7e-9536-5d2613253951,buffet.pizza,available,103,12,6,,,
111d5176-3f7d-42c4-a54d-2ffe7291a227,buffet.place,available,103,12,6,,,
6e4f7b13-38fe-4196-8237-8f4e55aedb06,buffet.plumbing,available,103,12,6,,,
f78e0264-deb6-4acc-87cb-a05cad677dbe,buffet.poker,available,103,12,6,,,
942e327b-60ab-4f5c-a054-975b0dd72b0d,buffet.porn,available,103,12,6,,,
5abf652a-b339-4ae2-8b27-0678d419f51b,buffet.press,available,103,12,6,,,
b4b01ecc-f254-4e12-bbd0-fb9878bd06fc,buffet.pro,resell,103,12,6,Epik LLC,27/08/2020 14:30,27/08/2026 14:30
7d7df66f-6f68-4c7f-89fb-32b7e3c8221a,buffet.productions,available,103,12,6,,,
c36098a0-59bd-4342-8ec7-d2757683a751,buffet.prof,available,103,12,6,,,
c5c74a12-eb0a-4dcd-a976-e33728557d61,buffet.promo,available,103,12,6,,,
1fdda455-2487-4eaf-bbe1-58c79f87488c,buffet.properties,available,103,12,6,,,
c793eba4-62fd-4f45-8a5e-5ab82de53721,buffet.property,available,103,12,6,,,
1779202a-dbb9-4fc3-965b-50abb7e5964a,buffet.protection,available,103,12,6,,,
110fae8e-99cd-4132-a2b1-acd28100de09,buffet.pub,available,103,12,6,,,
1fb141da-fdc0-43f0-92f8-4dd7f3f08b91,buffet.pw,available,103,12,6,,,
60fea2c4-b539-4878-8727-dfa1e6afa9de,buffet.qpon,available,103,12,6,,,
24f1c500-f5d0-455e-b723-942ee9928da4,buffet.quest,available,103,12,6,,,
d5563d7a-f694-4e0b-a2e1-1b3294d21197,buffet.racing,available,103,12,6,,,
45e93b66-6580-44c0-9317-c346668db14d,buffet.realty,available,103,12,6,,,
af8fda04-f384-4bcb-a38e-9e3ca1be33a7,buffet.recipes,available,103,12,6,,,
a0a00c71-15a8-42a0-8e08-c4d6c45b117f,buffet.red,available,103,12,6,,,
82f697ec-6df0-4364-9982-b87f579bf714,buffet.rehab,available,103,12,6,,,
3412ce4f-94c6-4279-9cb5-470cda197982,buffet.reise,available,103,12,6,,,
5d71dba7-b99d-496c-8ffa-227bc9bd8ada,buffet.reisen,available,103,12,6,,,
29dfc92e-5da0-4d63-8cc0-935ba839c6b2,buffet.rent,available,103,12,6,,,
b73d80b9-e74d-458a-809a-024c9241194b,buffet.rentals,available,103,12,6,,,
0f6b423b-0a86-4049-893e-f7dc6bcb855b,buffet.repair,available,103,12,6,,,
b77cab89-99aa-4613-80f5-cd29dbb1bd8b,buffet.republican,available,103,12,6,,,
dc41adfd-c999-4f4a-844a-588dd2604667,buffet.rest,available,103,12,6,,,
c95c0a0e-06c1-40de-a99c-e55beea4ead8,buffet.restaurant,available,103,12,6,,,
8bea9e30-16c4-431b-8875-2686a70900fb,buffet.review,available,103,12,6,,,
ccb09ca3-9a27-4386-b66d-95604b8a95e6,buffet.reviews,available,103,12,6,,,
f0a8cae4-f5d0-4825-a139-a5b8bd0a50b1,buffet.rich,available,103,12,6,,,
e51e7d87-9fe2-484e-b2c2-7e949a5a3a34,buffet.rip,available,103,12,6,,,
13f3f996-b3bc-4bc6-b387-25982904a2f6,buffet.rocks,available,103,12,6,,,
37a8a7e1-3ccc-422b-bff9-5a597b96f5e5,buffet.rodeo,available,103,12,6,,,
05975cbf-183a-4201-b29a-aacb132e9fb1,buffet.rsvp,available,103,12,6,,,
4ae35327-779c-4545-bb5e-efa6fe737330,buffet.run,available,103,12,6,,,
730cdb51-88a2-47b2-9ddd-9641f22c968a,buffet.sale,available,103,12,6,,,
d828bf4b-cd82-43e0-a6f9-ad921b6076d3,buffet.salon,available,103,12,6,,,
bec8eee4-884a-4903-b0ff-6c003af4fddd,buffet.sarl,available,103,12,6,,,
9bb1c3d6-f4ad-4452-8acb-89294e19a806,buffet.sbs,available,103,12,6,,,
0c03246b-3a97-4866-bc88-5f85910a146a,buffet.school,available,103,12,6,,,
51fa182d-1931-4a47-8efa-7ea5b5d0b131,buffet.schule,available,103,12,6,,,
a3725cd0-6f14-4bde-ae53-017fe631e9d4,buffet.science,available,103,12,6,,,
a0634a7f-f951-4f25-adc0-4298f721fc2e,buffet.security,available,103,12,6,,,
92cce6ee-82de-412e-80b1-231fa2dfc3df,buffet.sexy,available,103,12,6,,,
1827d834-88f8-4191-a01b-78c5f2e7ec91,buffet.shiksha,available,103,12,6,,,
16271523-b65f-4d98-803e-94a96efd8a0d,buffet.shoes,available,103,12,6,,,
5559762f-bc46-4c29-adab-9ad010f54e33,buffet.shopping,available,103,12,6,,,
e54cbded-b2f2-4d1d-a2c9-c2ea5b38dc5b,buffet.show,available,103,12,6,,,
d7094efd-135e-4f87-b95c-2965f50053c7,buffet.singles,available,103,12,6,,,
e7bdb171-ee79-407b-b792-880fc5b780b8,buffet.site,available,103,12,6,,,
7c94130b-f06f-4f2e-9ddf-75a98dfca471,buffet.ski,available,103,12,6,,,
c9703121-90bf-4cc7-b1f6-63c9b22d69aa,buffet.skin,available,103,12,6,,,
7c328acd-c62e-4ec7-8910-b82f099e37f4,buffet.so,available,103,12,6,,,
eacf8adc-6517-49ac-830c-5310d61d1616,buffet.soccer,available,103,12,6,,,
3eaca3b1-31f7-447e-b6b9-438feefa2b02,buffet.social,expired,103,12,6,Gandi SAS,12/07/2024 00:17,12/07/2025 00:17
6a1e29f3-f6eb-45f1-aaa8-855087e34fc2,buffet.software,available,103,12,6,,,
08553a94-fbfc-40bf-b480-5f1faa745a47,buffet.solar,available,103,12,6,,,
7fee037e-9e0b-4765-810f-36a95fda0799,buffet.solutions,available,103,12,6,,,
46265c4b-74a2-4247-b0bd-c35e4f2d8208,buffet.soy,available,103,12,6,,,
bbdb9bc0-2c1c-4375-b840-7e94e08fddc7,buffet.space,available,103,12,6,,,
7dc66084-5962-456c-803b-6fa8d6f2956c,buffet.spot,available,103,12,6,,,
4bc46906-d0e3-4d9d-918b-ec332ea1353c,buffet.srl,available,103,12,6,,,
9ef69c18-deff-4db8-a146-c459cd27609f,buffet.storage,available,103,12,6,,,
323729bd-a1fc-4485-b0ba-6b9970b9e30a,buffet.store,available,103,12,6,,,
a6397e6a-bf82-49f2-bf58-e703270d2aca,buffet.stream,available,103,12,6,,,
e701ec14-c894-4050-b21e-2167d1200ee7,buffet.study,available,103,12,6,,,
38042da7-ceff-465e-9088-ad08b5999755,buffet.style,available,103,12,6,,,
08b248ff-d447-44f5-8356-08bab5386a89,buffet.sucks,available,103,12,6,,,
b00bf23c-ede0-40e7-a939-b1a405552641,buffet.supplies,available,103,12,6,,,
4b4ee593-40d8-4a8d-9073-6fb1d72979b2,buffet.supply,available,103,12,6,,,
fc167fca-1b73-4519-9bc2-503bf8d0981b,buffet.support,available,103,12,6,,,
af10cbdc-8776-4651-83d8-1e9788d8530c,buffet.surf,available,103,12,6,,,
9eedc155-8e12-40fb-9a41-95fd07334c80,buffet.surgery,available,103,12,6,,,
7dc0e976-1258-4228-8264-00d9fc0194a2,buffet.sydney,available,103,12,6,,,
0c84cb83-af97-485d-8fd1-e3f3ed06eef9,buffet.systems,available,103,12,6,,,
a99c1f91-2380-427b-b77b-139f59ddffb3,buffet.tattoo,available,103,12,6,,,
c01dbe50-4c8e-452d-9a3d-52c57a261c97,buffet.tax,available,103,12,6,,,
b75a5b82-55d3-4273-9c3e-ed212daf170f,buffet.taxi,available,103,12,6,,,
3a3f50da-8737-4ab4-bd71-a99fc4b18e8a,buffet.team,available,103,12,6,,,
9f414c95-fdfc-4b8f-848c-823dce56671b,buffet.tech,available,103,12,6,,,
295187ec-a98b-4531-9d7b-ed098c6313ce,buffet.technology,available,103,12,6,,,
362e70e8-1ab4-4845-adec-14e979a74ab3,buffet.tennis,available,103,12,6,,,
e38abecd-728b-4b91-87fb-22d02852da42,buffet.theater,available,103,12,6,,,
ae995f34-8b25-49a8-978b-c1fb79454025,buffet.theatre,available,103,12,6,,,
f709a01b-c10a-48fd-8d32-896e393a8dc3,buffet.tickets,available,103,12,6,,,
3107f4a3-100d-484b-af3f-403aeb4277e4,buffet.tienda,available,103,12,6,,,
754e20d3-2761-4f89-af5c-97309924e0c0,buffet.tips,available,103,12,6,,,
316b0133-227f-4d82-bf68-a34d5ed4c1cc,buffet.tires,available,103,12,6,,,
415f82f4-014f-47fd-9a1c-8e4eb138bf71,buffet.tools,available,103,12,6,,,
a1e2e508-bc09-4040-8809-2618b3bb88c3,buffet.tours,available,103,12,6,,,
888718fa-bb91-416d-bb81-37838713631e,buffet.toys,available,103,12,6,,,
0acd8175-a67c-4ced-8d46-f2b4c3638fe4,buffet.trade,available,103,12,6,,,
0add1d5c-05d8-4d84-b3ba-ad20380f74c6,buffet.training,available,103,12,6,,,
2a7ac19b-6e85-4962-a2c4-e55019e11a00,buffet.travel,available,103,12,6,,,
fbc6ba85-c2b5-4945-9bce-e658663b61d0,buffet.tube,available,103,12,6,,,
d83cc168-9688-4ee6-bca5-443d40819409,buffet.university,available,103,12,6,,,
b9d7e056-a5e5-413a-9b06-024bb52a02d3,buffet.uno,available,103,12,6,,,
9cb4d7dc-8c11-4b55-b944-6220aa187019,buffet.us,resell,103,12,6,"NameSilo, LLC",24/04/2002 14:23,23/04/2026 23:59
eb842aa1-73c2-4e07-adf3-4019389042ad,buffet.vacations,available,103,12,6,,,
5a41506d-4c88-465b-8240-f251e250b57a,buffet.vana,available,103,12,6,,,
bb7af5e6-4985-4abd-9118-8d5d4e8f9120,buffet.vc,available,103,12,6,,,
ae55f615-29ff-4bcf-8850-50527d5333a3,buffet.vegas,available,103,12,6,,,
8ae03ec0-2918-451a-a550-c6033b874475,buffet.ventures,available,103,12,6,,,
1404f50e-09b6-4c2c-8072-b5887d86d8d1,buffet.vet,available,103,12,6,,,
0a687a6b-d08b-419f-a8c4-25d43d58a41e,buffet.viajes,available,103,12,6,,,
5fc84276-0cc5-4809-b55e-fa06be8ab8f8,buffet.video,available,103,12,6,,,
586878fd-27ba-44d0-a89d-724054488217,buffet.villas,available,103,12,6,,,
0de93fe6-6571-47e7-abe9-e375e42e82af,buffet.vin,available,103,12,6,,,
379805f5-d1fd-4d9c-a6c5-0bea9d9c3f3a,buffet.vip,available,103,12,6,,,
2ffdebfd-605c-44cd-b70d-3453e5f50850,buffet.vision,available,103,12,6,,,
00346e66-6469-4be4-8f4d-3f11126a8fbb,buffet.vodka,available,103,12,6,,,
386f17a0-eb0c-49fe-b0bb-2d9a8ce7256d,buffet.vote,available,103,12,6,,,
96c08259-c3ac-43ab-9978-ca155e0912e3,buffet.voting,available,103,12,6,,,
70e87a5c-0679-4957-a27e-7f14291a7007,buffet.voto,available,103,12,6,,,
e9b8504c-e8c7-4820-a041-a1337107403c,buffet.voyage,available,103,12,6,,,
7175a598-019c-4ead-a36c-6f7c7d553aa8,buffet.webcam,available,103,12,6,,,
b2829a23-0422-4604-85f8-115b6cb8ab27,buffet.website,available,103,12,6,,,
a320b351-9ec2-4185-9060-cdc185f5188c,buffet.wedding,available,103,12,6,,,
440ecd7a-b949-4cd8-8868-e666a5de4132,buffet.wiki,available,103,12,6,,,
02d535da-4808-4b6f-8e01-baf2e3e1a98d,buffet.win,available,103,12,6,,,
6428f2d5-76a3-46f4-884f-212bbf4f660f,buffet.wine,available,103,12,6,,,
0cf440a0-9c56-4778-bfd9-e54f313e5618,buffet.work,available,103,12,6,,,
fd7638c7-31ba-494b-ae54-3fc3cf126cea,buffet.works,available,103,12,6,,,
aa28570d-d452-415a-847e-70a135905c7b,buffet.world,resell,103,12,6,"DNSPod, Inc.",12/06/2021 08:24,12/06/2026 08:24
fa22dbef-ba37-4473-bd87-9dcb02e61898,buffet.wtf,available,103,12,6,,,
0f723c9e-7323-4468-9284-ff65ff1df5fb,buffet.xyz,resell,103,12,6,West263 International Limited,16/01/2019 07:13,16/01/2026 23:59
cc777540-f8e8-4552-b140-aa5cb5be276d,buffet.yachts,available,103,12,6,,,
c5997d5a-d682-4692-8933-3846ed67d7fe,buffet.yoga,available,103,12,6,,,
94a14ecb-5972-44a5-a30d-859da0d6999e,buffet.zip,available,103,12,6,,,
77b9a1b9-2e8f-44bf-a22a-fe407ce8757b,catering.at,sold,62,76,8,Hetzner Online GmbH ( https://nic.at/registrar/225 ),,
516829df-8cf0-4d40-a3eb-9ff9930c6c3a,catering.co,resell,62,76,8,"GoDaddy.com, LLC",09/05/2020 17:00,09/05/2026 17:00
d66c6732-f011-46a1-a26a-19e6739514eb,catering.dev,available,62,76,8,,,
56b02eff-c02c-4078-9c21-b6ab2ab4d64a,catering.gg,available,62,76,8,,,
1ceaa8aa-bb14-4030-aa6a-0a21c2275cbb,catering.me,resell,62,76,8,"Spaceship, Inc.",05/10/2018 01:08,05/10/2026 01:08
9ee10931-858f-46cc-a7e3-16a4ae9a88b6,catering.net,resell,62,76,8,"GoDaddy.com, LLC",21/02/2000 11:55,21/02/2026 11:54
a4c4e59a-3140-4658-8dd2-e4e8a563f0d7,catering.online,available,62,76,8,,,
6ffc4bc4-95c4-440c-b576-cc999af155b1,catering.pro,resell,62,76,8,"GKG.NET, INC.",23/10/2020 14:30,23/10/2025 14:30
4091b8c7-139f-401a-994b-6a41eea54504,catering.site,available,62,76,8,,,
2b4f02b8-a8a8-42fb-9f7e-e789a2493c9a,catering.so,available,62,76,8,,,
da6ea5fb-fe9a-459b-b5a8-05ac9a2935b3,catering.space,available,62,76,8,,,
2edbc22a-9466-4434-9d4c-3fd20bb35dd1,catering.store,available,62,76,8,,,
42afffef-5dd2-41ad-acb8-055ddccfb7c7,catering.tech,available,62,76,8,,,
05d0ed1b-0680-4840-a6d6-b66a0f42878a,catering.us,resell,62,76,8,"GoDaddy.com, LLC",24/04/2002 14:05,23/04/2026 23:59
6aed0a72-4527-408f-8395-93a07d7df96a,catering.xyz,resell,62,76,8,Dynadot LLC,17/08/2020 00:55,17/08/2030 23:59
225bc0d5-3551-4665-af37-e34647df8c5f,banquet.ai,resell,92,80,7,Deep Vision Architects,16/12/2017 04:23,13/09/2025 04:23
ade00200-727c-48cd-be5e-11ad86148e5f,banquet.app,available,92,80,7,,,
63d96083-7cb5-4f3c-87fb-570c5985fcb8,banquet.at,sold,92,80,7,IONOS SE ( https://nic.at/registrar/22 ),,
16f2a4e8-9c90-4cf8-a55e-49766a8643fa,banquet.cloud,available,92,80,7,,,
b542e23b-46aa-4664-8534-a03e0694ced5,banquet.co,expiring,92,80,7,Rabbitsfoot.com LLC d/b/a Oxygen.nyc,20/07/2010 18:10,19/07/2025 23:59
8d5c1268-85a2-482a-a25d-e8418d0bb12c,banquet.dev,available,92,80,7,,,
b82eacdf-e0bc-4c92-a4e7-29694ccb6112,banquet.expert,available,92,80,7,,,
289ab9c9-08a3-47ee-af11-fcb283ec2596,banquet.gg,available,92,80,7,,,
20f58d2b-8374-4182-b658-eebf2b8fa70d,banquet.online,available,92,80,7,,,
31744146-705c-4dac-833a-a0f974679088,banquet.pro,resell,92,80,7,Epik LLC,17/10/2018 10:20,17/10/2025 10:20
ef568edc-8eac-473b-a356-ff3873ab92fe,banquet.so,available,92,80,7,,,
bbc1564d-050f-457a-ba50-d70e443745f2,banquet.space,available,92,80,7,,,
c35e0d9a-215a-4f2a-b0ea-8ba730676e6d,banquet.tech,available,92,80,7,,,
dc24bdfa-0f21-42aa-8456-058f381b8777,banquet.us,resell,92,80,7,"GoDaddy.com, LLC",24/04/2002 14:26,23/04/2026 23:59
2b80dbcd-2595-49ca-8036-03ef736fdd62,banquet.xyz,expiring,92,80,7,TLD Registrar Solutions Ltd,31/07/2014 05:25,31/07/2025 23:59
57c41fbe-067d-4833-af62-dc216fc44567,banquet.zone,available,92,80,7,,,
3ced3e9a-cca1-4f2a-86ff-0c1a7fb5c37b,bar.app,premium,86,96,3,,,
6ecf224b-90a3-4a3a-9bcd-5d282d1b5014,bar.at,premium,86,96,3,,,
76bfdd6d-de6c-4126-8325-34c562a7b17f,bar.cloud,premium,86,96,3,,,
d6e28046-3ed5-47a1-9ddd-4852a1a78bd0,bar.co,resell,86,96,3,InternetX GmbH,24/02/2010 23:04,23/02/2026 23:59
6705372b-5c27-49e9-894c-149a4a338621,bar.dev,premium,86,96,3,,,
7af410ed-a803-42a0-8489-0d81cf53a4c9,bar.online,premium,86,96,3,,,
c488367e-c440-4965-96bd-b654c1a7473c,bar.site,premium,86,96,3,,,
04c45432-d6e6-4dc1-857b-fa1494a768e7,bar.space,premium,86,96,3,,,
dd56f5ae-a6f4-4759-b83a-627883dda87e,bar.store,premium,86,96,3,,,
ed386381-3639-4f18-9263-196c042463b3,bar.tech,premium,86,96,3,,,
547c3450-a1d1-488d-a6a8-a1e33ca2927b,bar.zone,premium,86,96,3,,,
aab0c7a2-5e06-4f30-8bbf-e99bac1e7159,lounge.app,expiring,90,84,6,"Sav.com, LLC",20/07/2022 16:18,20/07/2025 16:18
e20d7bec-5080-46ee-877c-34661de89f32,lounge.at,available,90,84,6,,,
70272b53-68a9-4e5a-ad9e-0b40c60a59b9,lounge.co,expiring,90,84,6,"GoDaddy.com, LLC",21/07/2010 21:32,20/07/2025 23:59
0433bced-9b67-469c-bc4c-c2d7b84497c8,lounge.expert,available,90,84,6,,,
5b195a46-11aa-4379-a1cd-6282b5ba11cd,lounge.it,resell,90,84,6,,12/06/2019 09:00,12/06/2026 00:00
37922811-6a60-47f3-b78d-d66a81eb7f21,lounge.me,expiring,90,84,6,1API GmbH,09/07/2008 17:05,09/07/2025 17:05
30ee70f0-f1d6-4147-9dad-d3f8d00c6eb3,lounge.ninja,available,90,84,6,,,
e5bc4f99-f4d9-45c7-890e-ecf8916bf9bd,lounge.online,available,90,84,6,,,
94daef46-5078-4496-8f55-b02041896731,lounge.pro,sold,90,84,6,Dynadot3 LLC,11/12/2018 10:36,11/12/2026 10:36
19369283-4463-4101-a18c-be60c9b9f3d1,lounge.site,available,90,84,6,,,
4e57b92e-be3f-4c3b-af45-a9a685bf3365,lounge.space,available,90,84,6,,,
27120212-c1a9-402d-bc1d-c330a67a610f,lounge.store,available,90,84,6,,,
b89c76ec-56a6-4e2d-afd0-272ee08eb443,lounge.tech,available,90,84,6,,,
a0c0182c-4c10-4ec9-a356-8d969c829df4,lounge.xyz,resell,90,84,6,GoDaddy Online Services Cayman Islands Ltd.,02/06/2014 23:38,02/06/2026 23:59
d824e665-efbf-42ed-9e10-ca215dbcbec0,cafe.app,resell,78,96,4,Dynadot LLC.,21/07/2020 12:29,21/07/2026 12:29
45f15ccf-05a0-4a26-85b6-307ec1e3dfdc,cafe.cloud,available,78,96,4,,,
366021b6-ce0f-45f9-acbc-6cb787dbfc11,cafe.expert,available,78,96,4,,,
50601d6d-c07d-4c9b-8a7f-cf3f15ccfaa6,cafe.ninja,available,78,96,4,,,
b7750546-c124-43e3-afca-0c096c2bca0c,cafe.online,available,78,96,4,,,
2c3f5d68-1409-4692-8d05-af60d385eb58,cafe.site,available,78,96,4,,,
15487d7f-4913-4649-8216-55e0c6b3f6ba,cafe.so,resell,78,96,4,Megazone Corp.,06/11/2020 02:12,06/11/2026 02:12
44742089-3a29-4cea-8367-9a0af3423e42,cafe.space,available,78,96,4,,,
e20fecf1-357b-4308-a3be-cb70c50148b0,cafe.tech,available,78,96,4,,,
75ea5b6e-f366-4f17-9003-f236b3480ced,cafe.xyz,resell,78,96,4,"Go Daddy, LLC",22/05/2025 11:36,22/05/2026 23:59
4bd3d66e-18da-4500-97fd-0959b71d0116,meetingroom.app,expiring,58,92,12,"Sav.com, LLC",27/07/2022 04:11,27/07/2025 04:11
bc9f7d02-8228-4475-9661-95468d12d516,meetingroom.cloud,expiring,58,92,12,"eNom, Inc.",14/07/2019 23:06,14/07/2025 23:06
4d6826ec-ea02-4dd3-8c75-469c6a2695de,meetingroom.dev,available,58,92,12,,,
67216404-ade1-43e4-9a34-9dee42316d80,meetingroom.expert,available,58,92,12,,,
a45b5a59-4dc2-4020-b3dd-9600bb7e046c,meetingroom.gg,available,58,92,12,,,
4576531e-0804-4c51-95c7-e22ed9003043,meetingroom.ninja,available,58,92,12,,,
ec4f44fa-c169-498b-8fb5-fdcfd9d8ea41,meetingroom.org,resell,58,92,12,"GoDaddy.com, LLC",29/01/2000 16:51,29/01/2026 16:51
5d9123e4-995b-4d93-81c6-5b82fadb710d,meetingroom.site,available,58,92,12,,,
157336df-9f59-43b8-b76e-37f7d5557bbc,meetingroom.so,available,58,92,12,,,
3cfd7dbf-052a-406e-a458-3590e0c3cb19,meetingroom.store,available,58,92,12,,,
a56c2eaf-b7ce-490a-b84f-508e9bf97241,meetingroom.zone,available,58,92,12,,,
bed6d3c5-5e6e-40ee-abee-716d5ce91fc9,ballroom.ai,resell,96,84,8,"NameCheap, Inc.",15/06/2023 17:48,15/06/2027 17:48
13ba4d1c-3e4e-4e90-972f-9a216ca2c1ed,ballroom.app,sold,96,84,8,Squarespace Domains II LLC.,19/07/2023 04:11,19/07/2026 04:11
af980492-ecf5-45da-9afb-1e5493bde1c8,ballroom.at,available,96,84,8,,,
847f07d4-d110-4ff9-863a-6a572c429248,ballroom.cloud,available,96,84,8,,,
5dff2b25-64f9-4903-ba3c-60c70649b691,ballroom.expert,available,96,84,8,,,
926eef8f-c62e-49d6-9bee-85d9333b95f0,ballroom.gg,available,96,84,8,,,
7ee13a03-5954-43d4-8c7e-7e33f1a23b48,ballroom.io,resell,96,84,8,"GoDaddy.com, LLC",01/02/2018 02:53,01/02/2026 02:53
db58d500-adf4-4b9d-8db3-09c943dcce91,ballroom.ninja,available,96,84,8,,,
010ec6f9-c266-4bc4-a8bf-e22aa605d328,ballroom.pro,resell,96,84,8,"Sav.com, LLC - 14",30/10/2024 17:00,30/10/2025 17:00
c984d322-5a00-4617-9262-9991c8218ce5,ballroom.site,available,96,84,8,,,
a3746a63-fb57-440d-8ca8-6dc038b3c078,ballroom.so,available,96,84,8,,,
6bf20dd1-0b26-47a0-9f6b-01b722d2110c,ballroom.xyz,sold,96,84,8,Dynadot LLC,17/12/2017 17:03,17/12/2027 23:59
af82d39d-52ff-4631-afba-439910ee4f1b,spa.at,sold,86,84,3,Michel-EDV ( https://nic.at/registrar/128 ),,
e49adb80-e142-4f3b-9ff5-1d75035027fd,spa.co,resell,86,84,3,InternetX GmbH,25/02/2010 01:02,24/02/2026 23:59
accada60-2f8c-48f7-b2b4-65f92fcedca4,spa.expert,available,86,84,3,,,
6a85570c-6458-49a9-85d6-490b2e53d8ff,spa.it,expiring,86,84,3,,01/12/1997 00:00,19/07/2025 00:00
95fcec26-6301-4528-8add-57e56c79c600,spa.ninja,expired,86,84,3,PDR Ltd. d/b/a PublicDomainRegistry.com,25/04/2020 11:02,25/04/2025 11:02
a43d60f5-fd01-495c-914f-b188058e19f6,spa.online,available,86,84,3,,,
fd515ec8-12cb-4c9d-9adc-e8e65caab34d,spa.site,available,86,84,3,,,
1a11fa9f-cb07-4c66-9e0a-7b2ea76ee7db,spa.store,available,86,84,3,,,
744e9271-b9a2-459d-8adf-a7f34ef2cbd0,spa.tech,available,86,84,3,,,
931bd5c1-12ac-4d28-8b8f-6fda40b31a4f,spa.us,resell,86,84,3,Dynadot Inc,24/04/2002 14:04,23/04/2026 23:59
a327b62d-e957-45f9-a2d3-f1a56027243b,spa.zone,available,86,84,3,,,
2feb2a49-5b42-4fd8-a9ea-ed722fdacc1f,massagetherapy.ai,resell,80,72,15,"GoDaddy.com, LLC",16/11/2023 23:57,16/11/2025 23:57
3a567fc7-86f3-4cd7-b3b9-c07aa71d694c,massagetherapy.at,available,80,72,15,,,
b8fc6980-3d7e-4e73-ac8f-d66cd95aca0c,massagetherapy.cloud,available,80,72,15,,,
1e4c5a78-ec9d-49b2-b700-47326350230a,massagetherapy.co,expiring,80,72,15,"GoDaddy.com, LLC",20/07/2010 18:00,19/07/2025 23:59
afdeae44-4449-4360-8a10-7cfa305a90ca,massagetherapy.dev,available,80,72,15,,,
3eb532e8-939d-4848-8ad3-daae8e8f5046,massagetherapy.expert,available,80,72,15,,,
36333fe2-40db-4639-8c6f-2dad478e15ac,massagetherapy.gg,available,80,72,15,,,
e6a16103-51a1-4b85-8821-20402e38ceaa,massagetherapy.io,expiring,80,72,15,"Sav.com, LLC",23/07/2021 14:31,23/07/2025 14:31
92d7e06d-f4ad-41cd-8e76-7ef7dce0b94d,massagetherapy.it,resell,80,72,15,,28/01/2012 11:07,13/02/2026 00:00
18ceb193-6d24-44a6-8a25-ceaa238e9644,massagetherapy.me,resell,80,72,15,"Chengdu West Dimension Digital Technology Co., Ltd.",14/11/2024 17:37,14/11/2025 17:37
0efd83c7-6d8d-4a37-9783-da1612ab297e,massagetherapy.net,resell,80,72,15,"Sea Wasp, LLC",08/08/1997 04:00,07/08/2025 04:00
98bed52c-10cb-4ab2-87d8-3ccf3ca4280d,massagetherapy.so,available,80,72,15,,,
066de59d-5f1d-4b59-a955-f8e8e7c2d340,massagetherapy.space,available,80,72,15,,,
1ba770f7-fdca-4d1a-a686-928571b76a0c,massagetherapy.tech,available,80,72,15,,,
555a661b-1bc5-4033-954b-80e5fb759a4e,massagetherapy.xyz,resell,80,72,15,"CHENGDU WEST DIMENSION DIGITAL TECHNOLOGY CO., LTD.",28/11/2024 11:41,28/11/2025 23:59
b98c598a-4840-4ef4-bbbc-36b9966fba2e,massagetherapy.zone,available,80,72,15,,,
1c17f2c6-77ae-41c3-acbb-586b0bea5c88,sauna.at,available,94,84,5,,,
bee69e13-f6c5-4808-a1b9-c0bbae49c842,sauna.co,sold,94,84,5,Key-Systems GmbH,21/07/2010 21:59,20/07/2026 23:59
f9785cc9-7f98-4230-90e1-73c6b88c14a2,sauna.dev,available,94,84,5,,,
d2ccb940-4aad-41b7-ae08-d7a1b7fc26e0,sauna.expert,available,94,84,5,,,
33b3be3b-34a1-4f4b-8204-62f1d3d634af,sauna.gg,resell,94,84,5,1API (http://www.1api.net),,
b6201f22-1409-4aa5-ac30-fe35ebc19e31,sauna.online,available,94,84,5,,,
bc083349-d5cc-4ae0-8db6-66749a76f068,sauna.site,available,94,84,5,,,
1595107a-1a24-4e2d-a008-8350e7423d68,sauna.store,available,94,84,5,,,
d86242c9-671b-4d3c-8115-b59bcdf57904,sauna.tech,available,94,84,5,,,
2860c496-fa0f-4b69-826c-f92c065437be,sauna.us,sold,94,84,5,Dynadot Inc,24/04/2002 14:24,23/04/2027 23:59
46d8686f-d2de-497f-9153-6a7d8018fcc1,sauna.zone,resell,94,84,5,Domain Science Kutatsi Szolgltat Korltolt Felelssg Trsasg,28/06/2025 15:15,28/06/2026 15:15
2fdfa0e2-cfb1-4444-9d9f-ee8228fe89ea,swimmingpool.at,available,70,80,13,,,
eafb138c-1ad1-4ed0-8ebe-91a2cb52310d,swimmingpool.dev,available,70,80,13,,,
e4298690-0a83-409d-beae-526a24c63e57,swimmingpool.expert,available,70,80,13,,,
7e232688-db76-4a0f-9eeb-48b3c4da75e0,swimmingpool.gg,available,70,80,13,,,
3753260b-fda7-4a75-b172-9a20e0783c97,swimmingpool.io,expiring,70,80,13,Dynadot11 LLC,11/07/2024 15:15,11/07/2025 15:15
74c2a6ce-fb5c-494d-a07a-19792f8c6d5a,swimmingpool.ninja,available,70,80,13,,,
718d260f-c71c-448f-9942-c43217852b40,swimmingpool.site,expired,70,80,13,"Go Daddy, LLC",30/04/2024 18:04,30/04/2025 23:59
ca40668f-f8b1-41fe-a222-3b84b4ceaf1e,swimmingpool.so,available,70,80,13,,,
e3f5146c-b524-44d8-9283-1e308abd722f,swimmingpool.us,resell,70,80,13,"GoDaddy.com, LLC",11/08/2009 18:07,10/08/2025 23:59
c50c2c0b-6138-460c-af61-24c0c76760b4,swimmingpool.zone,available,70,80,13,,,
652c96b3-3b61-40dd-9821-9c0f22e83c77,check.academy,available,76,29,5,,,
f39443d6-92a4-4c9c-8d36-a16d052fdbcf,check.accountant,available,76,29,5,,,
30504c26-1a0f-4068-9c98-320ac67426cf,check.accountants,available,76,29,5,,,
80f2a30a-568a-4be9-af2d-f1bf6301f4d3,check.actor,available,76,29,5,,,
f0f270f6-034e-4bec-8bb6-8ee7d7d17fc9,check.adult,available,76,29,5,,,
e6376c74-2fd9-48ca-81d8-8c123807d477,check.agency,resell,76,29,5,"Sav.com, LLC - 6",12/03/2022 13:15,12/03/2026 13:15
d670f758-6c4e-45a3-9156-01e6dbc882c9,check.airforce,available,76,29,5,,,
2cd60dc9-2f97-4779-b088-8b80f4904fdc,check.apartments,available,76,29,5,,,
c1502b2b-64cf-4c44-a28a-a60d73e25de2,check.app,resell,76,29,5,Squarespace Domains II LLC.,03/05/2018 16:40,03/05/2026 16:40
7501cc4f-8fd8-47bd-80dd-e087fb12684c,check.archi,available,76,29,5,,,
22bb9e5d-b1e8-40bf-a99d-2097969315c3,check.army,available,76,29,5,,,
d719db84-8be9-406a-a606-575521724dc9,check.art,available,76,29,5,,,
25b7ede3-3092-49c1-9cad-a01c3c3b1b24,check.associates,available,76,29,5,,,
1ef651df-47a1-42be-b982-9673f8bbbdd6,check.at,available,76,29,5,,,
0ab860aa-bff7-4d94-b1bc-89d3b71eb5de,check.attorney,available,76,29,5,,,
b3ac3bb5-f96b-424a-a9d3-4528429ce3b9,check.auction,available,76,29,5,,,
b1c0c10f-44d7-4e7d-bb23-b9ae2131899d,check.audio,available,76,29,5,,,
cc485307-eb60-4118-8501-52b9bbb5f9ee,check.autos,available,76,29,5,,,
7915820b-0dc7-425d-9de8-a6ff222fb20e,check.baby,resell,76,29,5,"Spaceship, Inc.",24/12/2024 15:04,24/12/2025 23:59
20fff96c-e3fb-44ea-8ffc-d31c2effa8c4,check.band,available,76,29,5,,,
58ef4b81-4616-45df-aad6-4fcbaa7d2f70,check.bar,available,76,29,5,,,
8aa30aa7-19b4-47f6-a3fa-be238d591290,check.bargains,available,76,29,5,,,
fbba914c-a455-405c-9747-3860ecc4a82f,check.bayern,available,76,29,5,,,
c1e46b2b-80dd-4439-8e95-0ce17ac7f0d2,check.beauty,available,76,29,5,,,
d7657650-fda1-434e-bf9e-f32fab9e44ad,check.beer,expiring,76,29,5,CSL Computer Service Langenbach GmbH d/b/a joker.com,29/09/2021 07:25,29/09/2025 07:25
4e34547c-9776-4a54-bdaa-f95638d023d3,check.berlin,available,76,29,5,,,
d8b9651c-b65f-42de-9908-b7e4f34139fe,check.bid,available,76,29,5,,,
e943de05-8346-4e59-8918-1592eb074ddb,check.bike,available,76,29,5,,,
bc98f120-329d-4d50-ad93-527ceca9288f,check.bingo,available,76,29,5,,,
4c724837-d00f-408a-b65e-a70a3575e4ad,check.bio,expiring,76,29,5,IONOS SE,23/09/2014 10:35,23/09/2025 10:35
54dcdbe5-7c8b-4bef-9152-85b6de652fa0,check.blackfriday,available,76,29,5,,,
f7537034-f855-4d9f-b88c-3a3deeab4a4e,check.blog,available,76,29,5,,,
d438862a-dbf1-4608-afee-b6b93cd70b6a,check.boats,available,76,29,5,,,
2b21f72f-2c6f-45c7-b42c-b8e36d023baf,check.boo,available,76,29,5,,,
c6c259cf-cd88-4b57-a83b-7fcefbf7b01e,check.boston,available,76,29,5,,,
080c8ee8-1e2d-4576-9b71-4832d5d6715f,check.boutique,available,76,29,5,,,
a803dbda-7df2-48f1-b92e-e22540baaa8d,check.build,available,76,29,5,,,
9b91d840-2a4a-4830-8372-cbd535eb7cc6,check.builders,available,76,29,5,,,
20d30118-93b3-4cb8-ae32-5b4d96d93a4b,check.buzz,available,76,29,5,,,
514f870a-c8d5-4e2a-a62e-50e29a67a630,check.bz,available,76,29,5,,,
5ee308d4-4f60-4617-a40b-2259522b1db8,check.cab,available,76,29,5,,,
ee4af37d-2f60-4a57-9c42-55bb6b1942ab,check.cafe,available,76,29,5,,,
700d4ed4-f6d9-4d88-b0dd-489608e2c905,check.cam,available,76,29,5,,,
b85fb42d-c401-44d3-9e7e-66aeea41ee4c,check.camera,resell,76,29,5,"NameCheap, Inc.",14/06/2022 17:00,14/06/2026 17:00
a9d97867-5c6e-4971-8378-0bbe85bca1fb,check.camp,available,76,29,5,,,
a83add14-0ad4-4db8-b496-4a355029bd5d,check.capital,resell,76,29,5,Dynadot Inc,14/03/2025 17:00,14/03/2026 17:00
52515fa6-ecca-4ea9-a009-e308111cc757,check.car,available,76,29,5,,,
afd48303-2545-4fb2-a831-32aebbb79215,check.cards,available,76,29,5,,,
ca509839-e4a1-4efe-8746-cb807188aa80,check.cars,available,76,29,5,,,
a3f71652-8873-4481-a738-9332d95f35b7,check.casa,available,76,29,5,,,
c0525091-b00e-4b94-9f59-a054b7e9480e,check.casino,expiring,76,29,5,"Sav.com, LLC - 14",09/09/2024 15:15,09/09/2025 15:15
81a7ffbf-65d0-47e1-87b0-9f57929fcecd,check.catering,available,76,29,5,,,
adb0d9c2-61d9-4554-b6ea-1f9af50161e9,check.center,expiring,76,29,5,Registrar of Domain Names REG.RU LLC,18/09/2016 10:49,18/09/2025 10:49
ebcdd73a-7983-451d-aa06-e60c2dbc2ad4,check.ceo,available,76,29,5,,,
cb9dc05f-26ce-433f-ad27-73f217f72a42,check.cfd,available,76,29,5,,,
1f0302f3-86d0-41d9-a19d-f5764dbc9d82,check.christmas,available,76,29,5,,,
247e647f-9495-4dd5-81cd-d64802617063,check.church,available,76,29,5,,,
a2c992c9-a8bc-465c-902e-3c1f95b1b868,check.cleaning,available,76,29,5,,,
a1e76515-6348-47f2-9e42-0de0a7f6206d,check.click,expiring,76,29,5,"Spaceship, Inc.",20/09/2024 09:11,20/09/2025 09:11
ea2beafd-9f10-4aea-8056-37776abbf861,check.clothing,available,76,29,5,,,
ab027af8-32ef-41fb-8c94-a36fb3e646dd,check.cloud,available,76,29,5,,,
441e8bde-d3ca-4e05-a0b0-5aa94d522cc5,check.club,available,76,29,5,,,
dae70832-b3bb-4b26-b629-714ac6f0e38b,check.co,expiring,76,29,5,InternetX GmbH,31/08/2010 18:25,30/08/2025 23:59
540712df-7965-4303-8763-f85ae1a43d3b,check.coach,available,76,29,5,,,
a81090cf-1103-47e4-aa16-48a38727c0b3,check.coffee,expiring,76,29,5,IONOS SE,16/09/2021 05:10,16/09/2025 05:10
cb6dc4eb-367f-428a-85cb-5dddeedfa214,check.college,available,76,29,5,,,
5674b320-b2d5-4305-a3b0-751679914b00,check.computer,available,76,29,5,,,
e3cceef5-7e21-480d-9b9f-1f9fa4862e0a,check.condos,available,76,29,5,,,
3f9b12b8-f9b0-494b-a185-99d5c18ed11b,check.construction,available,76,29,5,,,
293d9084-eb84-46d9-bb10-93c6d64e22da,check.consulting,available,76,29,5,,,
680e2755-5874-497a-afae-dca635bbc6b9,check.contact,resell,76,29,5,Dynadot Inc,09/12/2020 08:06,09/12/2025 08:06
aac8c581-a508-48d9-bd6a-92770beded38,check.contractors,available,76,29,5,,,
eb4c51bd-2aad-4585-8a21-96bf52a594ed,check.cooking,available,76,29,5,,,
92e82a4a-dec5-4dc1-9c5c-2e0d21324439,check.cool,resell,76,29,5,"DNSPod, Inc.",14/01/2019 09:23,14/01/2026 09:23
37752695-957b-462a-98f6-565ed828c037,check.country,available,76,29,5,,,
ef97fbba-cc70-4378-a322-95ee3a1ff002,check.coupons,available,76,29,5,,,
c78bbd5b-70da-4988-bc24-8423c5b4ec42,check.courses,available,76,29,5,,,
bf1ea7ee-3871-4540-b939-8f103ef06b29,check.credit,expiring,76,29,5,"Name.com, Inc.",21/09/2023 20:22,21/09/2025 20:22
8e0b55de-133e-405f-9093-3829a5cc5621,check.cricket,available,76,29,5,,,
17041c76-7ed2-4a8f-8bb7-a9c369d045f5,check.cruises,available,76,29,5,,,
971a2cc8-f1f6-4258-9c88-00ed772495b3,check.cyou,available,76,29,5,,,
711ecf37-4303-4077-b25b-26bacf013592,check.dad,available,76,29,5,,,
910539f6-12e6-401c-a2e1-ba9e3895a4ea,check.dance,expired,76,29,5,Domain Science Kutatsi Szolgltat Korltolt Felelssg Trsasg,25/06/2024 12:35,25/06/2025 12:35
0d7d3584-6452-4120-b5a8-d00efd57f732,check.date,available,76,29,5,,,
17000d71-7d0a-4ebc-b4fe-cd095b6af919,check.dating,expired,76,29,5,"GoDaddy.com, LLC",18/07/2024 18:04,18/07/2025 18:04
f5531331-2ef2-428a-b020-4a378f5f5571,check.day,available,76,29,5,,,
0b63181d-c452-4cd5-ae5c-e66eebfe6fc5,check.dealer,available,76,29,5,,,
329967bb-9a94-468f-97a7-4014ae513343,check.democrat,available,76,29,5,,,
9b5de2f0-a060-4f44-9c03-a83bd00b3ddf,check.dentist,available,76,29,5,,,
8c640b45-2c68-4b75-beaf-73a14bced8d6,check.design,resell,76,29,5,"Sav.com, LLC - 2",27/11/2024 00:02,27/11/2025 00:02
057ba268-88a2-455c-bcd9-6f57deeb3c13,check.dev,sold,76,29,5,Tucows Domains Inc,29/07/2024 13:21,29/07/2026 13:21
1e55f4d2-fe66-477e-81c6-9db5c7d5f100,check.diamonds,available,76,29,5,,,
0617c639-0186-45e7-8e14-046764289344,check.diet,available,76,29,5,,,
6b8d24f8-e4ee-4362-8740-89df534df97c,check.direct,expiring,76,29,5,"GoDaddy.com, LLC",17/09/2016 21:12,17/09/2025 21:12
b418731c-b96b-43e7-b071-7ca0e0618912,check.directory,available,76,29,5,,,
2d1e3097-2496-4957-8a25-d905952cd786,check.discount,resell,76,29,5,"Sav.com, LLC",08/07/2025 22:32,08/07/2026 22:32
0bb57d6a-5bf6-4124-af50-5a2e7c879946,check.diy,available,76,29,5,,,
a6048fac-e51d-4936-b09a-210787a7e9d2,check.download,resell,76,29,5,Dynadot Inc,02/02/2020 09:13,02/02/2026 09:13
bb1b82ac-5363-4ff5-ace2-681e98a10af4,check.earth,available,76,29,5,,,
ee8b6e03-f9f7-42d2-9306-84b04f66ba1a,check.email,resell,76,29,5,1API GmbH,07/07/2015 08:19,07/07/2026 08:19
f73428ad-ffaa-4681-956c-7967fe6d6805,check.engineer,available,76,29,5,,,
d4ff7174-64f1-4159-a6ec-5e5c3779cd4e,check.enterprises,available,76,29,5,,,
1859dea0-5d54-42ed-a4d5-a5f44ed5a102,check.equipment,available,76,29,5,,,
30f522de-8087-4b3c-8c71-ca7d771b1b3e,check.esq,available,76,29,5,,,
1ffafde1-1e99-41a3-ad7d-e055b1af65c5,check.events,available,76,29,5,,,
3b26f2b9-0f37-451e-a8bf-42a15278161d,check.exchange,available,76,29,5,,,
2e538f51-3ef6-41f7-8fe7-0e17cb45b2e6,check.faith,available,76,29,5,,,
0c5d3dce-7fc9-4cdc-8db2-bd90f34c2f66,check.family,expiring,76,29,5,Dynadot Inc,31/08/2024 10:03,31/08/2025 10:03
286dcc9e-a1d3-4f6b-9cd0-366975adf20e,check.fans,available,76,29,5,,,
e8fd70a2-d0fb-4715-8c71-a12715e29280,check.fashion,resell,76,29,5,Porkbun,12/03/2025 10:54,12/03/2026 10:54
6e7b10c7-3ed2-46cb-b9af-5deaecbc3e39,check.film,available,76,29,5,,,
79de419e-6a1a-4103-b08d-f5e3ecd00352,check.fishing,available,76,29,5,,,
dc7a3fc8-73c3-4460-b456-9cecebaf521d,check.flights,available,76,29,5,,,
13105dea-3906-42c5-89ea-600cf8286235,check.florist,available,76,29,5,,,
4ef47d78-6d95-40e0-97bd-52f67869dfb3,check.flowers,available,76,29,5,,,
f6436519-b5c5-48c8-a324-b378632ac728,check.foo,available,76,29,5,,,
999b390b-22de-44b6-a16c-f0f27e3a3a37,check.food,available,76,29,5,,,
a734c581-9654-471b-8f5c-e997df7ee9f1,check.football,available,76,29,5,,,
6a149b9f-ce6a-46cb-b0f9-1723edf67e36,check.forsale,available,76,29,5,,,
1ead2f2c-e3b0-45d6-b409-9a9cbc4ca23a,check.forum,available,76,29,5,,,
b03e654d-4747-4f5d-9217-f74e2931947e,check.fun,available,76,29,5,,,
f834228b-b203-4790-8317-d69143f86725,check.fund,resell,76,29,5,"DNSPod, Inc.",16/04/2020 12:05,16/04/2026 12:05
2afade0d-00df-4c7f-a295-e623ab79d140,check.furniture,available,76,29,5,,,
00f0b16c-c91f-471b-863d-dc867315ef29,check.futbol,available,76,29,5,,,
42876f0e-04de-46a3-8e07-f00e3c7f51e8,check.fyi,resell,76,29,5,Dynadot Inc,14/02/2023 18:12,14/02/2026 18:12
9a8c2eb2-7086-47de-a13f-c5af236a0783,check.gallery,available,76,29,5,,,
72d2b39e-15ab-4928-bed8-47afb739b478,check.game,available,76,29,5,,,
4f763979-e563-4122-91be-f2cafede771e,check.games,resell,76,29,5,"DNSPod, Inc.",16/01/2022 13:15,16/01/2026 13:15
608f6132-41e0-43bb-983e-e088a560347e,check.garden,available,76,29,5,,,
8f961f4a-00ae-45a8-829e-528a0659ec2a,check.gg,resell,76,29,5,"Spaceship, Inc (https://www.spaceship.com)",,
c6bde549-298f-4eeb-b9d3-6181c42cf57e,check.gift,available,76,29,5,,,
0017679d-a0bc-4ced-9495-92dcc913ac13,check.gives,available,76,29,5,,,
c9465341-85dc-48e0-84b0-d64654e738a4,check.giving,available,76,29,5,,,
49e65731-0037-450e-8fbd-ab698ea9e627,check.glass,available,76,29,5,,,
7ae7a96a-05d7-4af5-9188-b80677e91943,check.global,resell,76,29,5,"Xiamen ChinaSource Internet Service Co., Ltd",31/10/2023 15:15,31/10/2025 15:15
14f25750-d496-43c1-b51a-295a397011e1,check.gmbh,available,76,29,5,,,
d6dd66d4-244d-49a9-b27b-ee1ba5f6fd4a,check.gold,resell,76,29,5,"Sav.com, LLC - 46",07/11/2024 15:15,07/11/2025 15:15
81f442cd-f9e4-4655-ad73-a50931971c04,check.graphics,available,76,29,5,,,
1910b7a7-2459-43ab-8dd2-7b0b5b6073e1,check.green,available,76,29,5,,,
d74600a6-c3fb-4221-a7d9-27ba8714db3e,check.gripe,available,76,29,5,,,
40819464-c46e-4663-936d-9e3d3438d1f7,check.group,available,76,29,5,,,
11e82517-2273-4c8e-9f16-cdbd8169817e,check.guide,available,76,29,5,,,
cb2f56c5-1551-4eaa-bb48-86cc41514513,check.guitars,available,76,29,5,,,
4d796abc-308e-4bfb-8572-7be8c07d1a59,check.hair,available,76,29,5,,,
61ba45cd-b136-4e49-b572-68ff0553cd0b,check.health,available,76,29,5,,,
d1006393-132d-4ade-80b6-b6b87f71220a,check.healthcare,available,76,29,5,,,
735238d8-60c6-412b-ba56-b5ca012b5fd4,check.help,available,76,29,5,,,
a9aa27bd-0d66-412d-ba5a-cc70ece8f6e4,check.hiphop,available,76,29,5,,,
45147921-77f4-4987-8d73-1eba5c8c86ef,check.hiv,available,76,29,5,,,
1b0b90bb-38cc-48e7-9dd2-463518f93ef3,check.hockey,available,76,29,5,,,
0463fd41-13a0-4db7-adbf-314b042af4aa,check.holdings,available,76,29,5,,,
d22e0344-8ecb-403b-975e-ff6f6c1a55ec,check.holiday,resell,76,29,5,Domain Science Kutatsi Szolgltat Korltolt Felelssg Trsasg,22/08/2024 17:00,22/08/2026 17:00
f42a1cdc-0614-444a-afa7-9d179fea3982,check.homes,available,76,29,5,,,
b2c53381-0ed6-430b-bc32-42eba62ace2c,check.hospital,available,76,29,5,,,
f4716115-bd13-41a9-8e92-d033b46b2313,check.host,available,76,29,5,,,
168e53a6-563f-4dd7-b93c-37ca7d9c3f35,check.hosting,available,76,29,5,,,
1a280e4e-8323-4144-82b0-21c640acf38a,check.hot,available,76,29,5,,,
f28a6987-c5c5-4303-a1c4-197f5de41b69,check.house,resell,76,29,5,"Sav.com, LLC",04/01/2021 07:35,04/01/2026 07:35
3cfb9d32-8da0-4887-9f70-b69165218844,check.how,available,76,29,5,,,